k,logLik,in_95
0.05000000000000001,-737.1897825742972,FALSE
0.05007496818101387,-737.188594349565,FALSE
0.050150048766591036,-737.187402559864,FALSE
0.050225241925266784,-737.1862071945013,FALSE
0.05030054782582917,-737.1850082427516,FALSE
0.05037596663731923,-737.183805693857,FALSE
0.050451498529031545,-737.1825995370283,FALSE
0.050527143670514446,-737.1813897614435,FALSE
0.05060290223157055,-737.1801763562481,FALSE
0.050678774382257014,-737.1789593105552,FALSE
0.050754760292886,-737.177738613445,FALSE
0.05083086013402506,-737.176514253965,FALSE
0.050907074076497416,-737.1752862211305,FALSE
0.05098340229138249,-737.1740545039229,FALSE
0.05105984495001615,-737.1728190912913,FALSE
0.05113640222399122,-737.1715799721514,FALSE
0.05121307428515773,-737.1703371353856,FALSE
0.05128986130562347,-737.169090569843,FALSE
0.051366763457754185,-737.1678402643395,FALSE
0.05144378091417412,-737.1665862076571,FALSE
0.051520913847766366,-737.1653283885445,FALSE
0.05159816243167314,-737.1640667957165,FALSE
0.05167552683929636,-737.162801417854,FALSE
0.051753007244297856,-737.1615322436041,FALSE
0.051830603820599924,-737.16025926158,FALSE
0.05190831674238553,-737.1589824603603,FALSE
0.05198614618409891,-737.1577018284898,FALSE
0.05206409232044575,-737.1564173544791,FALSE
0.05214215532639378,-737.1551290268037,FALSE
0.05222033537717304,-737.1538368339048,FALSE
0.05229863264827625,-737.1525407641897,FALSE
0.052377047315459335,-737.1512408060295,FALSE
0.05245557955474167,-737.1499369477621,FALSE
0.05253422954240663,-737.1486291776888,FALSE
0.0526129974550018,-737.1473174840771,FALSE
0.05269188346933956,-737.1460018551588,FALSE
0.0527708877624974,-737.1446822791304,FALSE
0.052850010511818216,-737.1433587441533,FALSE
0.05292925189491093,-737.1420312383528,FALSE
0.05300861208965064,-737.1406997498193,FALSE
0.053088091274179273,-737.1393642666071,FALSE
0.053167689626905726,-737.1380247767349,FALSE
0.05324740732650652,-737.1366812681853,FALSE
0.053327244551925966,-737.135333728905,FALSE
0.053407201482376744,-737.1339821468044,FALSE
0.053487278297340256,-737.1326265097582,FALSE
0.05356747517656693,-737.1312668056038,FALSE
0.053647792300076796,-737.1299030221427,FALSE
0.05372822984815972,-737.1285351471403,FALSE
0.05380878800137596,-737.1271631683244,FALSE
0.05388946694055643,-737.1257870733866,FALSE
0.05397026684680325,-737.1244068499815,FALSE
0.054051187901489994,-737.1230224857267,FALSE
0.05413223028626225,-737.1216339682023,FALSE
0.054213394183037965,-737.1202412849518,FALSE
0.05429467977400776,-737.1188444234807,FALSE
0.05437608724163553,-737.1174433712581,FALSE
0.05445761676865865,-737.1160381157142,FALSE
0.054539268538088596,-737.1146286442424,FALSE
0.05462104273321114,-737.1132149441979,FALSE
0.05470293953758694,-737.1117970028986,FALSE
0.05478495913505182,-737.1103748076237,FALSE
0.054867101709717286,-737.1089483456144,FALSE
0.054949367445970905,-737.107517604074,FALSE
0.05503175652847664,-737.106082570167,FALSE
0.05511426914217541,-737.1046432310201,FALSE
0.055196905472285354,-737.1031995737203,FALSE
0.0552796657043024,-737.1017515853171,FALSE
0.05536255002400051,-737.1002992528203,FALSE
0.0554455586174323,-737.0988425632014,FALSE
0.05552869167092922,-737.0973815033922,FALSE
0.0556119493711022,-737.0959160602861,FALSE
0.055695331904841945,-737.0944462207367,FALSE
0.05577883945931933,-737.092971971558,FALSE
0.05586247222198594,-737.0914932995248,FALSE
0.05594623038057433,-737.0900101913727,FALSE
0.05603011412309863,-737.0885226337966,FALSE
0.05611412363785478,-737.0870306134523,FALSE
0.05619825911342114,-737.0855341169549,FALSE
0.05628252073865871,-737.0840331308801,FALSE
0.05636690870271175,-737.0825276417629,FALSE
0.05645142319500811,-737.0810176360982,FALSE
0.05653606440525957,-737.0795031003404,FALSE
0.056620832523462485,-737.0779840209028,FALSE
0.056705727739897974,-737.0764603841585,FALSE
0.05679075024513254,-737.0749321764399,FALSE
0.05687590023001834,-737.0733993840381,FALSE
0.05696117788569377,-737.0718619932029,FALSE
0.05704658340358371,-737.0703199901435,FALSE
0.05713211697540015,-737.0687733610272,FALSE
0.057217778793142514,-737.0672220919803,FALSE
0.057303569049098016,-737.0656661690872,FALSE
0.057389487935842295,-737.0641055783905,FALSE
0.05747553564623963,-737.0625403058912,FALSE
0.057561712373443576,-737.0609703375487,FALSE
0.05764801831089717,-737.0593956592795,FALSE
0.05773445365233363,-737.0578162569583,FALSE
0.05782101859177652,-737.0562321164178,FALSE
0.057907713323540395,-737.0546432234476,FALSE
0.057994538042231175,-737.0530495637951,FALSE
0.05808149294274648,-737.0514511231651,FALSE
0.05816857822027624,-737.049847887219,FALSE
0.05825579407030297,-737.048239841576,FALSE
0.058343140688602364,-737.0466269718113,FALSE
0.058430618271243566,-737.0450092634578,FALSE
0.058518227014589794,-737.0433867020043,FALSE
0.05860596711529859,-737.0417592728966,FALSE
0.05869383877032243,-737.0401269615368,FALSE
0.05878184217690909,-737.0384897532826,FALSE
0.05886997753260202,-737.036847633449,FALSE
0.05895824503524096,-737.0352005873061,FALSE
0.05904664488296219,-737.0335486000798,FALSE
0.059135177274199154,-737.0318916569524,FALSE
0.05922384240768273,-737.0302297430613,FALSE
0.059312640482441864,-737.0285628434996,FALSE
0.059401571697803815,-737.0268909433154,FALSE
0.059490636253394784,-737.0252140275122,FALSE
0.05957983434914029,-737.0235320810489,FALSE
0.059669166185265535,-737.0218450888384,FALSE
0.05975863196229602,-737.0201530357493,FALSE
0.05984823188105782,-737.0184559066046,FALSE
0.05993796614267821,-737.0167536861817,FALSE
0.06002783494858595,-737.0150463592119,FALSE
0.06011783850051189,-737.013333910382,FALSE
0.06020797700048925,-737.0116163243317,FALSE
0.06029825065085427,-737.0098935856554,FALSE
0.060388659654246536,-737.0081656789008,FALSE
0.06047920421360942,-737.0064325885697,FALSE
0.06056988453219064,-737.0046942991174,FALSE
0.06066070081354259,-737.0029507949524,FALSE
0.060751653261522966,-737.0012020604368,FALSE
0.060842742080294984,-736.9994480798853,FALSE
0.06093396747432808,-736.9976888375662,FALSE
0.06102532964839827,-736.9959243177003,FALSE
0.0611168288075885,-736.9941545044614,FALSE
0.06120846515728933,-736.9923793819755,FALSE
0.061300238903199175,-736.990598934321,FALSE
0.06139215025132495,-736.9888131455297,FALSE
0.06148419940798238,-736.9870219995836,FALSE
0.0615763865797966,-736.9852254804184,FALSE
0.061668711973702474,-736.9834235719205,FALSE
0.06176117579694519,-736.9816162579292,FALSE
0.0618537782570807,-736.9798035222343,FALSE
0.061946519561976054,-736.9779853485775,FALSE
0.0620393999198101,-736.9761617206517,FALSE
0.06213241953907369,-736.9743326221012,FALSE
0.0622255786285704,-736.9724980365206,FALSE
0.062318877397416775,-736.9706579474561,FALSE
0.062412316055043,-736.9688123384044,FALSE
0.06250589481119317,-736.9669611928123,FALSE
0.06259961387592594,-736.9651044940774,FALSE
0.06269347345961493,-736.9632422255477,FALSE
0.06278747377294909,-736.961374370521,FALSE
0.06288161502693339,-736.9595009122448,FALSE
0.06297589743288905,-736.9576218339175,FALSE
0.06307032120245425,-736.9557371186855,FALSE
0.0631648865475844,-736.9538467496463,FALSE
0.06325959368055278,-736.9519507098456,FALSE
0.06335444281395095,-736.9500489822791,FALSE
0.06344943416068911,-736.9481415498911,FALSE
0.06354456793399685,-736.946228395575,FALSE
0.06363984434742331,-736.9443095021724,FALSE
0.06373526361483797,-736.9423848524743,FALSE
0.06383082595043084,-736.9404544292196,FALSE
0.06392653156871318,-736.938518215096,FALSE
0.06402238068451781,-736.9365761927386,FALSE
0.0641183735129997,-736.9346283447311,FALSE
0.06421451026963647,-736.9326746536044,FALSE
0.06431079117022868,-736.9307151018379,FALSE
0.0644072164309006,-736.9287496718579,FALSE
0.0645037862681004,-736.9267783460378,FALSE
0.06460050089860095,-736.9248011066991,FALSE
0.0646973605395,-736.9228179361096,FALSE
0.06479436540822091,-736.920828816484,FALSE
0.06489151572251294,-736.918833729984,FALSE
0.06498881170045191,-736.9168326587178,FALSE
0.06508625356044065,-736.9148255847399,FALSE
0.0651838415212093,-736.9128124900512,FALSE
0.06528157580181615,-736.9107933565984,FALSE
0.06537945662164775,-736.9087681662742,FALSE
0.06547748420041977,-736.906736900917,FALSE
0.06557565875817715,-736.9046995423113,FALSE
0.0656739805152949,-736.9026560721865,FALSE
0.06577244969247832,-736.9006064722171,FALSE
0.06587106651076373,-736.8985507240232,FALSE
0.06596983119151886,-736.8964888091696,FALSE
0.06606874395644324,-736.8944207091657,FALSE
0.06616780502756897,-736.892346405466,FALSE
0.06626701462726091,-736.890265879469,FALSE
0.06636637297821742,-736.8881791125177,FALSE
0.06646588030347071,-736.8860860858987,FALSE
0.06656553682638745,-736.8839867808435,FALSE
0.06666534277066916,-736.8818811785264,FALSE
0.0667652983603528,-736.8797692600658,FALSE
0.0668654038198113,-736.8776510065237,FALSE
0.06696565937375387,-736.8755263989048,FALSE
0.06706606524722677,-736.8733954181577,FALSE
0.0671666216656136,-736.8712580451727,FALSE
0.06726732885463597,-736.8691142607843,FALSE
0.06736818704035383,-736.8669640457684,FALSE
0.0674691964491662,-736.8648073808439,FALSE
0.06757035730781141,-736.8626442466721,FALSE
0.06767166984336787,-736.8604746238557,FALSE
0.06777313428325445,-736.8582984929401,FALSE
0.06787475085523093,-736.8561158344116,FALSE
0.06797651978739866,-736.8539266286988,FALSE
0.06807844130820094,-736.8517308561711,FALSE
0.06818051564642365,-736.8495284971394,FALSE
0.06828274303119564,-736.8473195318555,FALSE
0.06838512369198937,-736.8451039405123,FALSE
0.0684876578586213,-736.8428817032428,FALSE
0.0685903457612525,-736.8406528001211,FALSE
0.06869318763038919,-736.8384172111611,FALSE
0.06879618369688306,-736.8361749163175,FALSE
0.06889933419193212,-736.8339258954843,FALSE
0.06900263934708081,-736.8316701284953,FALSE
0.06910609939422095,-736.8294075951244,FALSE
0.06920971456559191,-736.8271382750845,FALSE
0.06931348509378135,-736.8248621480279,FALSE
0.0694174112117256,-736.8225791935458,FALSE
0.06952149315271028,-736.8202893911687,FALSE
0.06962573115037082,-736.8179927203648,FALSE
0.06973012543869289,-736.8156891605421,FALSE
0.06983467625201306,-736.8133786910462,FALSE
0.06993938382501916,-736.8110612911605,FALSE
0.07004424839275103,-736.808736940107,FALSE
0.07014927019060077,-736.8064056170454,FALSE
0.07025444945431358,-736.8040673010726,FALSE
0.07035978641998798,-736.8017219712228,FALSE
0.07046528132407659,-736.7993696064682,FALSE
0.07057093440338653,-736.7970101857172,FALSE
0.07067674589507993,-736.7946436878158,FALSE
0.07078271603667462,-736.7922700915457,FALSE
0.07088884506604441,-736.7898893756254,FALSE
0.07099513322141994,-736.7875015187102,FALSE
0.07110158074138886,-736.7851064993907,FALSE
0.07120818786489673,-736.7827042961943,FALSE
0.07131495483124722,-736.7802948875831,FALSE
0.0714218818801029,-736.7778782519549,FALSE
0.07152896925148569,-736.7754543676435,FALSE
0.0716362171857773,-736.773023212917,FALSE
0.07174362592371995,-736.7705847659788,FALSE
0.07185119570641675,-736.768139004967,FALSE
0.0719589267753324,-736.7656859079541,FALSE
0.07206681937229352,-736.7632254529472,FALSE
0.07217487373948946,-736.7607576178872,FALSE
0.07228309011947254,-736.758282380649,FALSE
0.0723914687551589,-736.7557997190414,FALSE
0.07250000988982884,-736.7533096108066,FALSE
0.07260871376712738,-736.75081203362015,FALSE
0.07271758063106497,-736.7483069650909,FALSE
0.07282661072601776,-736.7457943827606,FALSE
0.07293580429672847,-736.7432742641035,FALSE
0.07304516158830664,-736.7407465865267,FALSE
0.07315468284622943,-736.7382113273693,FALSE
0.07326436831634199,-736.7356684639028,FALSE
0.0733742182448581,-736.7331179733306,FALSE
0.07348423287836074,-736.7305598327878,FALSE
0.07359441246380254,-736.7279940193413,FALSE
0.07370475724850646,-736.7254205099885,FALSE
0.07381526748016623,-736.7228392816588,FALSE
0.07392594340684705,-736.7202503112122,FALSE
0.07403678527698596,-736.7176535754392,FALSE
0.07414779333939256,-736.7150490510611,FALSE
0.07425896784324948,-736.7124367147293,FALSE
0.07437030903811298,-736.7098165430255,FALSE
0.07448181717391353,-736.7071885124608,FALSE
0.07459349250095623,-736.7045525994768,FALSE
0.07470533526992161,-736.7019087804435,FALSE
0.07481734573186594,-736.6992570316609,FALSE
0.07492952413822203,-736.6965973293577,FALSE
0.07504187074079956,-736.693929649692,FALSE
0.07515438579178589,-736.6912539687494,FALSE
0.07526706954374637,-736.6885702625449,FALSE
0.07537992224962513,-736.6858785070211,FALSE
0.07549294416274557,-736.6831786780489,FALSE
0.07560613553681081,-736.6804707514268,FALSE
0.07571949662590448,-736.6777547028809,FALSE
0.07583302768449106,-736.6750305080642,FALSE
0.07594672896741665,-736.6722981425578,FALSE
0.07606060072990949,-736.6695575818685,FALSE
0.07617464322758037,-736.6668088014305,FALSE
0.0762888567164234,-736.6640517766043,FALSE
0.07640324145281653,-736.6612864826766,FALSE
0.07651779769352217,-736.65851289486,FALSE
0.07663252569568757,-736.655730988293,FALSE
0.07674742571684567,-736.6529407380394,FALSE
0.07686249801491543,-736.650142119089,FALSE
0.07697774284820262,-736.6473351063561,FALSE
0.0770931604754003,-736.6445196746798,FALSE
0.07720875115558931,-736.6416957988246,FALSE
0.07732451514823906,-736.6388634534786,FALSE
0.0774404527132079,-736.6360226132546,FALSE
0.07755656411074391,-736.6331732526894,FALSE
0.07767284960148525,-736.6303153462432,FALSE
0.07778930944646101,-736.6274488683003,FALSE
0.07790594390709152,-736.6245737931679,FALSE
0.07802275324518916,-736.6216900950764,FALSE
0.0781397377229589,-736.6187977481787,FALSE
0.0782568976029987,-736.6158967265511,FALSE
0.07837423314830043,-736.6129870041917,FALSE
0.07849174462225011,-736.6100685550206,FALSE
0.07860943228862884,-736.6071413528804,FALSE
0.07872729641161304,-736.604205371535,FALSE
0.07884533725577543,-736.6012605846698,FALSE
0.07896355508608521,-736.5983069658917,FALSE
0.07908195016790905,-736.5953444887278,FALSE
0.07920052276701141,-736.5923731266272,FALSE
0.0793192731495552,-736.5893928529584,FALSE
0.0794382015821025,-736.5864036410107,FALSE
0.07955730833161495,-736.5834054639935,FALSE
0.07967659366545458,-736.5803982950355,FALSE
0.07979605785138418,-736.5773821071855,FALSE
0.0799157011575681,-736.5743568734114,FALSE
0.0800355238525727,-736.5713225666002,FALSE
0.08015552620536708,-736.5682791595575,FALSE
0.08027570848532362,-736.5652266250081,FALSE
0.08039607096221849,-736.5621649355946,FALSE
0.08051661390623248,-736.5590940638776,FALSE
0.08063733758795139,-736.5560139823364,FALSE
0.08075824227836681,-736.5529246633668,FALSE
0.08087932824887652,-736.549826079283,FALSE
0.08100059577128538,-736.5467182023156,FALSE
0.08112204511780562,-736.5436010046125,FALSE
0.08124367656105774,-736.5404744582377,FALSE
0.08136549037407098,-736.5373385351722,FALSE
0.08148748683028388,-736.5341932073133,FALSE
0.08160966620354505,-736.5310384464727,FALSE
0.08173202876811361,-736.5278742243798,FALSE
0.08185457479866001,-736.524700512678,FALSE
0.08197730457026638,-736.521517282926,FALSE
0.08210021835842744,-736.5183245065979,FALSE
0.08222331643905088,-736.5151221550817,FALSE
0.08234659908845814,-736.5119101996805,FALSE
0.08247006658338495,-736.5086886116111,FALSE
0.08259371920098191,-736.5054573620039,FALSE
0.08271755721881528,-736.5022164219035,FALSE
0.08284158091486737,-736.4989657622671,FALSE
0.0829657905675374,-736.495705353966,FALSE
0.08309018645564191,-736.4924351677835,FALSE
0.08321476885841558,-736.4891551744154,FALSE
0.08333953805551166,-736.4858653444702,FALSE
0.0834644943270028,-736.4825656484686,FALSE
0.08358963795338158,-736.4792560568424,FALSE
0.08371496921556101,-736.4759365399357,FALSE
0.08384048839487548,-736.472607068003,FALSE
0.08396619577308102,-736.4692676112103,FALSE
0.08409209163235629,-736.4659181396346,FALSE
0.08421817625530285,-736.4625586232625,FALSE
0.08434444992494619,-736.4591890319913,FALSE
0.08447091292473594,-736.4558093356285,FALSE
0.08459756553854689,-736.4524195038907,FALSE
0.08472440805067943,-736.449019506404,FALSE
0.08485144074586014,-736.4456093127039,FALSE
0.08497866390924262,-736.4421888922344,FALSE
0.0851060778264079,-736.4387582143482,FALSE
0.08523368278336534,-736.4353172483061,FALSE
0.08536147906655295,-736.4318659632772,FALSE
0.08548946696283843,-736.4284043283384,FALSE
0.0856176467595194,-736.4249323124735,FALSE
0.08574601874432436,-736.4214498845741,FALSE
0.08587458320541325,-736.4179570134386,FALSE
0.0860033404313779,-736.4144536677715,FALSE
0.08613229071124305,-736.4109398161844,FALSE
0.08626143433446663,-736.4074154271945,FALSE
0.08639077159094069,-736.4038804692249,FALSE
0.08652030277099182,-736.4003349106044,FALSE
0.08665002816538206,-736.3967787195669,FALSE
0.08677994806530921,-736.3932118642509,FALSE
0.08691006276240788,-736.3896343127003,FALSE
0.08704037254874988,-736.3860460328626,FALSE
0.08717087771684484,-736.3824469925903,FALSE
0.08730157855964114,-736.3788371596384,FALSE
0.08743247537052624,-736.3752165016667,FALSE
0.08756356844332763,-736.3715849862376,FALSE
0.0876948580723132,-736.3679425808168,FALSE
0.08782634455219224,-736.364289252772,FALSE
0.08795802817811572,-736.360624969374,FALSE
0.0880899092456773,-736.3569496977956,FALSE
0.08822198805091383,-736.3532634051106,FALSE
0.08835426489030589,-736.3495660582951,FALSE
0.08848674006077878,-736.3458576242264,FALSE
0.08861941385970283,-736.3421380696819,FALSE
0.08875228658489435,-736.3384073613407,FALSE
0.0888853585346162,-736.3346654657813,FALSE
0.08901863000757834,-736.3309123494827,FALSE
0.08915210130293862,-736.3271479788236,FALSE
0.0892857727203035,-736.3233723200818,FALSE
0.0894196445597287,-736.3195853394345,FALSE
0.08955371712171967,-736.3157870029576,FALSE
0.0896879907072326,-736.3119772766255,FALSE
0.08982246561767479,-736.3081561263109,FALSE
0.08995714215490552,-736.3043235177846,FALSE
0.09009202062123672,-736.3004794167142,FALSE
0.09022710131943351,-736.2966237886658,FALSE
0.09036238455271493,-736.2927565991012,FALSE
0.09049787062475477,-736.2888778133802,FALSE
0.09063355983968212,-736.2849873967575,FALSE
0.09076945250208195,-736.2810853143855,FALSE
0.09090554891699608,-736.2771715313107,FALSE
0.09104184938992355,-736.2732460124768,FALSE
0.09117835422682155,-736.2693087227208,FALSE
0.09131506373410603,-736.2653596267759,FALSE
0.09145197821865228,-736.2613986892693,FALSE
0.09158909798779571,-736.2574258747225,FALSE
0.0917264233493326,-736.2534411475505,FALSE
0.09186395461152078,-736.2494444720622,FALSE
0.09200169208308008,-736.24543581246,FALSE
0.09213963607319343,-736.2414151328386,FALSE
0.09227778689150716,-736.2373823971859,FALSE
0.09241614484813197,-736.2333375693817,FALSE
0.09255471025364356,-736.2292806131977,FALSE
0.09269348341908322,-736.2252114922977,FALSE
0.09283246465595855,-736.2211301702365,FALSE
0.09297165427624436,-736.2170366104598,FALSE
0.09311105259238318,-736.212930776304,FALSE
0.09325065991728591,-736.2088126309964,FALSE
0.093390476564332775,-736.2046821376533,FALSE
0.09353050284737369,-736.2005392592819,FALSE
0.09367073908072926,-736.1963839587777,FALSE
0.09381118557919142,-736.1922161989256,FALSE
0.09395184265802398,-736.1880359423996,FALSE
0.09409271063296341,-736.1838431517614,FALSE
0.09423378982021975,-736.179637789461,FALSE
0.09437508053647707,-736.1754198178368,FALSE
0.0945165830988942,-736.1711891991131,FALSE
0.09465829782510563,-736.1669458954027,FALSE
0.09480022503322194,-736.1626898687041,FALSE
0.09494236504183085,-736.1584210809027,FALSE
0.09508471816999768,-736.1541394937695,FALSE
0.09522728473726612,-736.1498450689619,FALSE
0.09537006506365896,-736.1455377680218,FALSE
0.09551305946967888,-736.1412175523764,FALSE
0.09565626827630912,-736.1368843833377,FALSE
0.09579969180501409,-736.1325382221019,FALSE
0.09594333037774033,-736.1281790297493,FALSE
0.09608718431691694,-736.1238067672439,FALSE
0.09623125394545659,-736.1194213954321,FALSE
0.09637553958675611,-736.1150228750446,FALSE
0.09652004156469711,-736.1106111666936,FALSE
0.09666476020364687,-736.1061862308743,FALSE
0.09680969582845902,-736.101748027963,FALSE
0.09695484876447436,-736.0972965182182,FALSE
0.09710021933752128,-736.092831661779,FALSE
0.09724580787391694,-736.0883534186659,FALSE
0.09739161470046755,-736.0838617487793,FALSE
0.09753764014446947,-736.0793566119004,FALSE
0.09768388453370982,-736.0748379676893,FALSE
0.09783034819646706,-736.070305775686,FALSE
0.09797703146151189,-736.0657599953098,FALSE
0.09812393465810804,-736.0612005858578,FALSE
0.0982710581160129,-736.0566275065065,FALSE
0.09841840216547819,-736.0520407163094,FALSE
0.09856596713725096,-736.0474401741981,FALSE
0.09871375336257399,-736.0428258389812,FALSE
0.09886176117318685,-736.0381976693445,FALSE
0.09900999090132649,-736.0335556238499,FALSE
0.09915844287972796,-736.0288996609354,FALSE
0.09930711744162515,-736.024229738915,FALSE
0.09945601492075172,-736.0195458159782,FALSE
0.09960513565134167,-736.014847850189,FALSE
0.09975447996813007,-736.0101357994866,FALSE
0.099904048206354,-736.0054096216841,FALSE
0.10005384070175302,-736.0006692744685,FALSE
0.10020385779057023,-735.9959147154005,FALSE
0.10035409980955289,-735.9911459019139,FALSE
0.10050456709595303,-735.9863627913154,FALSE
0.1006552599875284,-735.9815653407833,FALSE
0.10080617882254325,-735.976753507369,FALSE
0.10095732393976896,-735.9719272479949,FALSE
0.1011086956784848,-735.9670865194549,FALSE
0.10126029437847883,-735.9622312784132,FALSE
0.10141212038004847,-735.9573614814053,FALSE
0.10156417402400149,-735.9524770848361,FALSE
0.10171645565165661,-735.9475780449807,FALSE
0.10186896560484425,-735.9426643179831,FALSE
0.10202170422590746,-735.9377358598564,FALSE
0.10217467185770246,-735.9327926264825,FALSE
0.1023278688435997,-735.9278345736107,FALSE
0.10248129552748429,-735.9228616568589,FALSE
0.10263495225375711,-735.917873831712,FALSE
0.10278883936733528,-735.9128710535214,FALSE
0.10294295721365318,-735.907853277506,FALSE
0.10309730613866312,-735.9028204587502,FALSE
0.10325188648883601,-735.8977725522044,FALSE
0.1034066986111624,-735.892709512684,FALSE
0.10356174285315295,-735.8876312948701,FALSE
0.1037170195628395,-735.8825378533077,FALSE
0.1038725290887756,-735.8774291424062,FALSE
0.10402827178003754,-735.8723051164386,FALSE
0.10418424798622483,-735.8671657295419,FALSE
0.10434045805746131,-735.8620109357151,FALSE
0.10449690234439576,-735.8568406888204,FALSE
0.1046535811982026,-735.851654942582,FALSE
0.10481049497058297,-735.8464536505857,FALSE
0.1049676440137651,-735.8412367662785,FALSE
0.10512502868050558,-735.8360042429688,FALSE
0.10528264932408972,-735.8307560338249,FALSE
0.10544050629833271,-735.8254920918753,FALSE
0.10559859995758003,-735.8202123700086,FALSE
0.10575693065670863,-735.8149168209721,FALSE
0.10591549875112752,-735.809605397372,FALSE
0.10607430459677847,-735.8042780516731,FALSE
0.10623334855013712,-735.7989347361984,FALSE
0.10639263096821343,-735.7935754031275,FALSE
0.10655215220855278,-735.7882000044984,FALSE
0.10671191262923652,-735.7828084922048,FALSE
0.10687191258888304,-735.7774008179972,FALSE
0.10703215244664825,-735.7719769334816,FALSE
0.1071926325622267,-735.7665367901196,FALSE
0.1073533532958523,-735.7610803392281,FALSE
0.10751431500829886,-735.7556075319781,FALSE
0.10767551806088137,-735.7501183193946,FALSE
0.10783696281545635,-735.744612652357,FALSE
0.10799864963442307,-735.7390904815975,FALSE
0.10816057888072399,-735.733551757701,FALSE
0.1083227509178459,-735.7279964311049,FALSE
0.10848516610982047,-735.7224244520987,FALSE
0.10864782482122526,-735.7168357708234,FALSE
0.1088107274171845,-735.7112303372706,FALSE
0.10897387426336971,-735.7056081012835,FALSE
0.10913726572600092,-735.6999690125541,FALSE
0.10930090217184701,-735.6943130206254,FALSE
0.10946478396822695,-735.688640074889,FALSE
0.10962891148301045,-735.6829501245855,FALSE
0.1097932850846187,-735.6772431188042,FALSE
0.1099579051420253,-735.6715190064815,FALSE
0.11012277202475715,-735.6657777364023,FALSE
0.1102878861028952,-735.6600192571976,FALSE
0.11045324774707514,-735.6542435173458,FALSE
0.11061885732848861,-735.6484504651709,FALSE
0.11078471521888358,-735.6426400488426,FALSE
0.11095082179056553,-735.636812216376,FALSE
0.11111717741639822,-735.6309669156311,FALSE
0.11128378246980429,-735.6251040943117,FALSE
0.11145063732476636,-735.6192236999656,FALSE
0.11161774235582782,-735.6133256799841,FALSE
0.11178509793809366,-735.6074099816016,FALSE
0.11195270444723115,-735.601476551894,FALSE
0.11212056225947102,-735.5955253377803,FALSE
0.1122886717516079,-735.5895562860202,FALSE
0.1124570333010015,-735.583569343215,FALSE
0.11262564728557736,-735.577564455806,FALSE
0.11279451408382758,-735.5715415700748,FALSE
0.1129636340748117,-735.5655006321426,FALSE
0.11313300763815778,-735.5594415879698,FALSE
0.11330263515406302,-735.5533643833553,FALSE
0.11347251700329455,-735.5472689639363,FALSE
0.11364265356719064,-735.5411552751874,FALSE
0.11381304522766103,-735.5350232624209,FALSE
0.11398369236718835,-735.5288728707851,FALSE
0.11415459536882863,-735.5227040452652,FALSE
0.11432575461621215,-735.5165167306818,FALSE
0.11449717049354444,-735.5103108716908,FALSE
0.11466884338560714,-735.5040864127832,FALSE
0.11484077367775881,-735.4978432982836,FALSE
0.11501296175593573,-735.4915814723507,FALSE
0.11518540800665296,-735.4853008789769,FALSE
0.11535811281700492,-735.4790014619869,FALSE
0.11553107657466656,-735.4726831650376,FALSE
0.11570429966789413,-735.466345931618,FALSE
0.11587778248552585,-735.4599897050487,FALSE
0.11605152541698305,-735.4536144284804,FALSE
0.11622552885227094,-735.4472200448944,FALSE
0.11639979318197956,-735.4408064971019,FALSE
0.1165743187972844,-735.4343737277435,FALSE
0.1167491060899477,-735.4279216792879,FALSE
0.11692415545231884,-735.4214502940331,FALSE
0.11709946727733568,-735.4149595141039,FALSE
0.1172750419585252,-735.4084492814532,FALSE
0.11745087989000434,-735.4019195378597,FALSE
0.11762698146648096,-735.3953702249293,FALSE
0.11780334708325482,-735.3888012840927,FALSE
0.11797997713621838,-735.3822126566068,FALSE
0.11815687202185755,-735.3756042835519,FALSE
0.11833403213725292,-735.3689761058337,FALSE
0.11851145788008023,-735.3623280641808,FALSE
0.11868914964861163,-735.3556600991453,FALSE
0.11886710784171645,-735.3489721511013,FALSE
0.11904533285886193,-735.3422641602455,FALSE
0.1192238251001143,-735.335536066596,FALSE
0.11940258496613969,-735.3287878099918,FALSE
0.11958161285820502,-735.3220193300924,FALSE
0.11976090917817868,-735.3152305663774,FALSE
0.11994047432853182,-735.3084214581455,FALSE
0.1201203087123388,-735.3015919445146,FALSE
0.12030041273327854,-735.2947419644205,FALSE
0.1204807867956352,-735.2878714566173,FALSE
0.120661431304299,-735.2809803596757,FALSE
0.12084234666476723,-735.2740686119838,FALSE
0.1210235332831453,-735.2671361517455,FALSE
0.12120499156614752,-735.2601829169802,FALSE
0.12138672192109778,-735.2532088455226,FALSE
0.12156872475593104,-735.246213875022,FALSE
0.12175100047919357,-735.2391979429414,FALSE
0.12193354950004441,-735.2321609865575,FALSE
0.1221163722282561,-735.2251029429592,FALSE
0.12229946907421542,-735.2180237490488,FALSE
0.12248284044892452,-735.2109233415393,FALSE
0.12266648676400184,-735.2038016569556,FALSE
0.12285040843168304,-735.196658631633,FALSE
0.1230346058648217,-735.1894942017169,FALSE
0.12321907947689062,-735.1823083031621,FALSE
0.1234038296819823,-735.1751008717325,FALSE
0.12358885689481035,-735.1678718430002,FALSE
0.12377416153071012,-735.1606211523451,FALSE
0.12395974400563962,-735.1533487349549,FALSE
0.12414560473618055,-735.1460545258229,FALSE
0.12433174413953929,-735.1387384597497,FALSE
0.12451816263354777,-735.1314004713406,FALSE
0.12470486063666428,-735.1240404950062,FALSE
0.12489183856797467,-735.1166584649612,FALSE
0.125079096847193,-735.1092543152243,FALSE
0.12526663589466283,-735.1018279796175,FALSE
0.12545445613135783,-735.0943793917651,FALSE
0.12564255797888285,-735.0869084850935,FALSE
0.12583094185947502,-735.0794151928311,FALSE
0.12601960819600433,-735.0718994480064,FALSE
0.12620855741197504,-735.0643611834487,FALSE
0.12639778993152623,-735.0568003317866,FALSE
0.12658730617943303,-735.0492168254482,FALSE
0.12677710658110736,-735.0416105966594,FALSE
0.12696719156259909,-735.0339815774453,FALSE
0.12715756155059685,-735.0263296996266,FALSE
0.12734821697242898,-735.0186548948219,FALSE
0.12753915825606466,-735.0109570944456,FALSE
0.12773038583011456,-735.0032362297077,FALSE
0.12792190012383226,-734.9954922316127,FALSE
0.12811370156711466,-734.9877250309595,FALSE
0.1283057905905035,-734.979934558341,FALSE
0.1284981676251858,-734.9721207441429,FALSE
0.12869083310299528,-734.9642835185433,FALSE
0.12888378745641313,-734.9564228115121,FALSE
0.1290770311185688,-734.9485385528108,FALSE
0.12927056452324143,-734.9406306719909,FALSE
0.12946438810486027,-734.9326990983944,FALSE
0.1296585022985062,-734.9247437611524,FALSE
0.1298529075399122,-734.9167645891848,FALSE
0.1300476042654648,-734.9087615111991,FALSE
0.13024259291220464,-734.9007344556915,FALSE
0.13043787391782777,-734.892683350944,FALSE
0.13063344772068652,-734.8846081250247,FALSE
0.1308293147597903,-734.8765087057882,FALSE
0.13102547547480697,-734.8683850208732,FALSE
0.1312219303060634,-734.8602369977033,FALSE
0.13141867969454693,-734.8520645634852,FALSE
0.13161572408190578,-734.8438676452093,FALSE
0.1318130639104507,-734.8356461696478,FALSE
0.1320106996231553,-734.8274000633551,FALSE
0.1322086316636576,-734.8191292526662,FALSE
0.13240686047626074,-734.8108336636972,FALSE
0.13260538650593398,-734.8025132223431,FALSE
0.13280421019831382,-734.7941678542793,FALSE
0.13300333199970482,-734.7857974849584,FALSE
0.13320275235708087,-734.7774020396117,FALSE
0.13340247171808586,-734.7689814432475,FALSE
0.13360249053103507,-734.7605356206503,FALSE
0.13380280924491572,-734.7520644963809,FALSE
0.13400342830938844,-734.743567994775,FALSE
0.13420434817478802,-734.735046039943,FALSE
0.1344055692921243,-734.7264985557691,FALSE
0.1346070921130836,-734.717925465911,FALSE
0.13480891709002926,-734.7093266937982,FALSE
0.135011044676003,-734.7007021626328,FALSE
0.13521347532472588,-734.6920517953876,FALSE
0.13541620949059904,-734.6833755148064,FALSE
0.13561924762870511,-734.6746732434021,FALSE
0.135822590194809,-734.6659449034576,FALSE
0.13602623764535893,-734.6571904170237,FALSE
0.13623019043748757,-734.648409705919,FALSE
0.13643444902901297,-734.6396026917294,FALSE
0.13663901387843966,-734.6307692958071,FALSE
0.13684388544495957,-734.62190943927,FALSE
0.13704906418845314,-734.6130230430014,FALSE
0.13725455056949037,-734.6041100276481,FALSE
0.1374603450493318,-734.5951703136213,FALSE
0.13766644808992953,-734.5862038210946,FALSE
0.13787286015392838,-734.5772104700044,FALSE
0.13807958170466678,-734.5681901800481,FALSE
0.13828661320617783,-734.5591428706841,FALSE
0.13849395512319054,-734.5500684611311,FALSE
0.1387016079211306,-734.5409668703671,FALSE
0.1389095720661215,-734.5318380171284,FALSE
0.13911784802498575,-734.5226818199101,FALSE
0.13932643626524568,-734.5134981969638,FALSE
0.13953533725512468,-734.504287066298,FALSE
0.13974455146354817,-734.4950483456769,FALSE
0.1399540793601446,-734.4857819526203,FALSE
0.14016392141524656,-734.4764878044016,FALSE
0.140374078099892,-734.4671658180484,FALSE
0.14058454988582494,-734.4578159103411,FALSE
0.14079533724549684,-734.4484379978122,FALSE
0.1410064406520674,-734.4390319967459,FALSE
0.1412178605794059,-734.4295978231768,FALSE
0.14142959750209208,-734.42013539289,FALSE
0.1416416518954172,-734.4106446214195,FALSE
0.14185402423538515,-734.4011254240476,FALSE
0.14206671499871362,-734.3915777158049,FALSE
0.142279724662835,-734.3820014114691,FALSE
0.14249305370589754,-734.3723964255635,FALSE
0.1427067026067664,-734.3627626723576,FALSE
0.14292067184502474,-734.3531000658652,FALSE
0.14313496190097477,-734.3434085198447,FALSE
0.14334957325563888,-734.3336879477972,FALSE
0.14356450639076065,-734.3239382629667,FALSE
0.14377976178880603,-734.3141593783388,FALSE
0.1439953399329643,-734.3043512066404,FALSE
0.14421124130714927,-734.2945136603379,FALSE
0.14442746639600024,-734.2846466516381,FALSE
0.14464401568488325,-734.2747500924859,FALSE
0.144860889659892,-734.2648238945642,FALSE
0.14507808880784903,-734.2548679692935,FALSE
0.1452956136163069,-734.24488222783,FALSE
0.14551346457354908,-734.2348665810656,FALSE
0.14573164216859114,-734.2248209396282,FALSE
0.145950146891182,-734.214745213878,FALSE
0.14616897923180477,-734.2046393139094,FALSE
0.14638813968167802,-734.1945031495493,FALSE
0.14660762873275682,-734.184336630356,FALSE
0.14682744687773386,-734.1741396656191,FALSE
0.14704759461004052,-734.1639121643576,FALSE
0.14726807242384812,-734.1536540353203,FALSE
0.1474888808140688,-734.1433651869846,FALSE
0.14771002027635682,-734.1330455275555,FALSE
0.1479314913071096,-734.1226949649644,FALSE
0.1481532944034689,-734.1123134068698,FALSE
0.14837543006332168,-734.1019007606543,FALSE
0.14859789878530164,-734.0914569334259,FALSE
0.14882070106878997,-734.080981832016,FALSE
0.1490438374139167,-734.0704753629784,FALSE
0.14926730832156165,-734.0599374325899,FALSE
0.1494911142933557,-734.0493679468476,FALSE
0.14971525583168188,-734.0387668114694,FALSE
0.14993973343967643,-734.0281339318927,FALSE
0.15016454762122997,-734.0174692132736,FALSE
0.15038969888098866,-734.0067725604863,FALSE
0.15061518772435528,-733.9960438781219,FALSE
0.15084101465749042,-733.9852830704875,FALSE
0.1510671801873136,-733.9744900416065,FALSE
0.15129368482150435,-733.9636646952157,FALSE
0.15152052906850338,-733.9528069347667,FALSE
0.15174771343751386,-733.9419166634231,FALSE
0.15197523843850236,-733.9309937840612,FALSE
0.15220310458220002,-733.9200381992681,FALSE
0.15243131238010385,-733.9090498113417,FALSE
0.1526598623444777,-733.8980285222887,FALSE
0.15288875498835358,-733.8869742338248,FALSE
0.15311799082553262,-733.8758868473741,FALSE
0.15334757037058638,-733.8647662640666,FALSE
0.15357749413885793,-733.8536123847388,FALSE
0.1538077626464631,-733.8424251099323,FALSE
0.15403837641029147,-733.8312043398934,FALSE
0.15426933594800765,-733.8199499745712,FALSE
0.15450064177805245,-733.808661913618,FALSE
0.15473229441964395,-733.7973400563875,FALSE
0.1549642943927788,-733.7859843019344,FALSE
0.15519664221823332,-733.7745945490128,FALSE
0.15542933841756454,-733.7631706960767,FALSE
0.15566238351311157,-733.7517126412775,FALSE
0.15589577802799678,-733.7402202824649,FALSE
0.1561295224861268,-733.7286935171835,FALSE
0.1563636174121938,-733.7171322426749,FALSE
0.1565980633316766,-733.7055363558745,FALSE
0.15683286077084202,-733.6939057534115,FALSE
0.15706801025674583,-733.682240331608,FALSE
0.15730351231723416,-733.6705399864782,FALSE
0.15753936748094444,-733.6588046137267,FALSE
0.15777557627730687,-733.647034108749,FALSE
0.15801213923654536,-733.6352283666291,FALSE
0.15824905688967886,-733.62338728214,FALSE
0.15848632976852242,-733.6115107497411,FALSE
0.15872395840568865,-733.5995986635791,FALSE
0.15896194333458855,-733.5876509174855,FALSE
0.159200285089433,-733.5756674049769,FALSE
0.15943898420523392,-733.5636480192536,FALSE
0.15967804121780518,-733.5515926531982,FALSE
0.1599174566637643,-733.5395011993754,FALSE
0.16015723108053323,-733.5273735500306,FALSE
0.16039736500633975,-733.5152095970892,FALSE
0.1606378589802186,-733.5030092321556,FALSE
0.1608787135420128,-733.4907723465122,FALSE
0.1611199292323747,-733.4784988311188,FALSE
0.1613615065927674,-733.466188576611,FALSE
0.16160344616546574,-733.4538414732992,FALSE
0.16184574849355765,-733.441457411169,FALSE
0.16208841412094546,-733.4290362798786,FALSE
0.16233144359234686,-733.4165779687588,FALSE
0.16257483745329634,-733.4040823668114,FALSE
0.1628185962501463,-733.3915493627093,FALSE
0.16306272053006843,-733.3789788447941,FALSE
0.16330721084105465,-733.3663707010763,FALSE
0.1635520677319187,-733.3537248192334,FALSE
0.16379729175229707,-733.3410410866103,FALSE
0.1640428834526504,-733.3283193902164,FALSE
0.1642888433842647,-733.3155596167264,FALSE
0.16453517209925253,-733.3027616524782,FALSE
0.1647818701505542,-733.2899253834723,FALSE
0.16502893809193922,-733.2770506953708,FALSE
0.16527637647800728,-733.2641374734967,FALSE
0.16552418586418968,-733.2511856028322,FALSE
0.16577236680675048,-733.2381949680181,FALSE
0.16602091986278775,-733.225165453353,FALSE
0.166269845590235,-733.212096942792,FALSE
0.16651914454786215,-733.1989893199459,FALSE
0.16676881729527693,-733.1858424680801,FALSE
0.16701886439292613,-733.1726562701127,FALSE
0.16726928640209693,-733.1594306086162,FALSE
0.167520083884918,-733.1461653658126,FALSE
0.16777125740436086,-733.1328604235756,FALSE
0.16802280752424115,-733.1195156634282,FALSE
0.1682747348092198,-733.1061309665415,FALSE
0.16852703982480458,-733.0927062137345,FALSE
0.16877972313735093,-733.0792412854721,FALSE
0.16903278531406357,-733.065736061865,FALSE
0.16928622692299763,-733.0521904226678,FALSE
0.16954004853305998,-733.0386042472785,FALSE
0.16979425071401053,-733.0249774147379,FALSE
0.17004883403646337,-733.011309803727,FALSE
0.17030379907188822,-732.9976012925672,FALSE
0.1705591463926116,-732.9838517592198,FALSE
0.17081487657181826,-732.9700610812828,FALSE
0.1710709901835522,-732.9562291359922,FALSE
0.17132748780271825,-732.9423558002195,FALSE
0.17158437000508317,-732.9284409504709,FALSE
0.171841637367277,-732.9144844628862,FALSE
0.1720992904667944,-732.9004862132387,FALSE
0.17235732988199584,-732.8864460769322,FALSE
0.17261575619210906,-732.8723639290018,FALSE
0.17287456997723014,-732.8582396441119,FALSE
0.1731337718183251,-732.844073096555,FALSE
0.1733933622972309,-732.8298641602514,FALSE
0.17365334199665694,-732.8156127087466,FALSE
0.1739137115001863,-732.8013186152124,FALSE
0.1741744713922771,-732.7869817524434,FALSE
0.17443562225826373,-732.7726019928581,FALSE
0.17469716468435822,-732.758179208496,FALSE
0.17495909925765152,-732.7437132710181,FALSE
0.17522142656611495,-732.729204051704,FALSE
0.17548414719860128,-732.7146514214523,FALSE
0.17574726174484626,-732.7000552507792,FALSE
0.17601077079546984,-732.6854154098164,FALSE
0.17627467494197754,-732.6707317683113,FALSE
0.17653897477676178,-732.6560041956251,FALSE
0.17680367089310312,-732.6412325607316,FALSE
0.17706876388517173,-732.6264167322166,FALSE
0.1773342543480286,-732.6115565782765,FALSE
0.17760014287762704,-732.5966519667168,FALSE
0.17786643007081382,-732.5817027649515,FALSE
0.17813311652533062,-732.566708840002,FALSE
0.1784002028398153,-732.5516700584948,FALSE
0.17866768961380344,-732.5365862866626,FALSE
0.1789355774477294,-732.5214573903409,FALSE
0.17920386694292784,-732.5062832349674,FALSE
0.1794725587016351,-732.4910636855825,FALSE
0.17974165332699038,-732.4757986068253,FALSE
0.1800111514230374,-732.460487862935,FALSE
0.18028105359472532,-732.4451313177482,FALSE
0.18055136044791054,-732.4297288346985,FALSE
0.18082207258935773,-732.4142802768142,FALSE
0.18109319062674137,-732.3987855067193,FALSE
0.18136471516864705,-732.3832443866297,FALSE
0.1816366468245729,-732.367656778354,FALSE
0.18190898620493082,-732.352022543291,FALSE
0.182181733921048,-732.33634154242975,FALSE
0.18245489058516826,-732.3206136363474,FALSE
0.18272845681045335,-732.3048386852078,FALSE
0.18300243321098436,-732.2890165487614,FALSE
0.18327682040176316,-732.2731470863433,FALSE
0.18355161899871367,-732.257230156872,FALSE
0.18382682961868335,-732.2412656188482,FALSE
0.18410245287944454,-732.2252533303541,FALSE
0.18437848939969578,-732.2091931490514,FALSE
0.18465493979906336,-732.1930849321811,FALSE
0.1849318046981026,-732.1769285365608,FALSE
0.18520908471829917,-732.1607238185846,FALSE
0.18548678048207065,-732.1444706342222,FALSE
0.18576489261276785,-732.1281688390161,FALSE
0.18604342173467617,-732.1118182880822,FALSE
0.18632236847301706,-732.0954188361065,FALSE
0.18660173345394943,-732.0789703373463,FALSE
0.18688151730457092,-732.0624726456266,FALSE
0.18716172065291964,-732.0459256143404,FALSE
0.18744234412797514,-732.0293290964469,FALSE
0.18772338835966015,-732.01268294447,FALSE
0.1880048539788418,-731.9959870104977,FALSE
0.18828674161733325,-731.9792411461801,FALSE
0.18856905190789486,-731.9624452027288,FALSE
0.18885178548423576,-731.9455990309143,FALSE
0.18913494298101524,-731.9287024810668,FALSE
0.18941852503384415,-731.9117554030738,FALSE
0.18970253227928652,-731.8947576463779,FALSE
0.18998696535486057,-731.8777090599772,FALSE
0.19027182489904054,-731.8606094924227,FALSE
0.19055711155125796,-731.843458791818,FALSE
0.19084282595190305,-731.8262568058171,FALSE
0.19112896874232627,-731.809003381624,FALSE
0.19141554056483964,-731.7916983659906,FALSE
0.19170254206271828,-731.7743416052155,FALSE
0.19198997388020178,-731.756932945143,FALSE
0.19227783666249576,-731.739472231162,FALSE
0.19256613105577314,-731.721959308204,FALSE
0.19285485770717573,-731.7043940207418,FALSE
0.19314401726481564,-731.6867762127891,FALSE
0.19343361037777673,-731.6691057278983,FALSE
0.19372363769611606,-731.651382409159,FALSE
0.19401409987086543,-731.6336060991977,FALSE
0.1943049975540326,-731.6157766401751,FALSE
0.19459633139860322,-731.5978938737858,FALSE
0.1948881020585417,-731.5799576412564,FALSE
0.1951803101887932,-731.561967783345,FALSE
0.19547295644528473,-731.543924140338,FALSE
0.19576604148492685,-731.5258265520508,FALSE
0.19605956596561508,-731.5076748578252,FALSE
0.19635353054623128,-731.4894688965285,FALSE
0.19664793588664534,-731.4712085065514,FALSE
0.19694278264771636,-731.4528935258079,FALSE
0.19723807149129455,-731.434523791733,FALSE
0.19753380308022225,-731.416099141281,FALSE
0.19782997807833577,-731.3976194109257,FALSE
0.1981265971504667,-731.3790844366565,FALSE
0.19842366096244346,-731.3604940539799,FALSE
0.1987211701810928,-731.341848097915,FALSE
0.19901912547424128,-731.323146402995,FALSE
0.19931752751071677,-731.3043888032644,FALSE
0.19961637696034992,-731.2855751322766,FALSE
0.19991567449397585,-731.2667052230945,FALSE
0.20021542078343535,-731.2477789082883,FALSE
0.20051561650157654,-731.2287960199327,FALSE
0.2008162623222565,-731.2097563896077,FALSE
0.20111735892034258,-731.1906598483959,FALSE
0.201418906971714,-731.171506226881,FALSE
0.20172090715326343,-731.1522953551472,FALSE
0.20202336014289837,-731.1330270627764,FALSE
0.20232626661954278,-731.113701178848,FALSE
0.20262962726313868,-731.0943175319369,FALSE
0.2029334427546474,-731.0748759501122,FALSE
0.20323771377605135,-731.0553762609352,FALSE
0.2035424410103555,-731.0358182914589,FALSE
0.20384762514158888,-731.0162018682261,FALSE
0.20415326685480611,-730.9965268172668,FALSE
0.204459366836089,-730.9767929640992,FALSE
0.20476592577254793,-730.9570001337254,FALSE
0.2050729443523237,-730.9371481506321,FALSE
0.20538042326458875,-730.9172368387881,FALSE
0.20568836319954883,-730.8972660216427,FALSE
0.20599676484844465,-730.8772355221247,FALSE
0.20630562890355322,-730.8571451626406,FALSE
0.20661495605818966,-730.8369947650733,FALSE
0.20692474700670851,-730.81678415078,FALSE
0.2072350024445055,-730.7965131405914,FALSE
0.20754572306801883,-730.77618155481,FALSE
0.20785690957473119,-730.7557892132081,FALSE
0.2081685626631708,-730.7353359350273,FALSE
0.2084806830329134,-730.7148215389755,FALSE
0.20879327138458353,-730.6942458432263,FALSE
0.20910632841985627,-730.6736086654179,FALSE
0.20941985484145878,-730.6529098226501,FALSE
0.20973385135317182,-730.6321491314843,FALSE
0.21004831865983145,-730.6113264079409,FALSE
0.21036325746733037,-730.5904414674982,FALSE
0.21067866848261993,-730.5694941250905,FALSE
0.21099455241371126,-730.5484841951071,FALSE
0.21131090996967708,-730.5274114913898,FALSE
0.2116277418606533,-730.5062758272329,FALSE
0.21194504879784062,-730.4850770153795,FALSE
0.21226283149350603,-730.4638148680215,FALSE
0.21258109066098446,-730.4424891967974,FALSE
0.21289982701468044,-730.4210998127912,FALSE
0.21321904127006955,-730.39964652653,FALSE
0.2135387341437003,-730.3781291479828,FALSE
0.21385890635319546,-730.3565474865594,FALSE
0.21417955861725374,-730.3349013511078,FALSE
0.2145006916556515,-730.3131905499131,FALSE
0.21482230618924433,-730.291414890696,FALSE
0.21514440293996856,-730.2695741806111,FALSE
0.21546698263084305,-730.2476682262452,FALSE
0.21579004598597062,-730.2256968336153,FALSE
0.21611359373053998,-730.2036598081678,FALSE
0.21643762659082696,-730.1815569547758,FALSE
0.2167621452941964,-730.1593880777388,FALSE
0.21708715056910383,-730.1371529807791,FALSE
0.2174126431450968,-730.1148514670427,FALSE
0.2177386237528169,-730.0924833390951,FALSE
0.21806509312400116,-730.0700483989212,FALSE
0.21839205199148368,-730.0475464479234,FALSE
0.21871950108919738,-730.0249772869192,FALSE
0.21904744115217575,-730.0023407161409,FALSE
0.21937587291655417,-729.9796365352317,FALSE
0.21970479711957183,-729.9568645432466,FALSE
0.22003421449957336,-729.934024538649,FALSE
0.2203641257960103,-729.9111163193091,FALSE
0.2206945317494431,-729.8881396825035,FALSE
0.22102543310154235,-729.8650944249113,FALSE
0.22135683059509084,-729.8419803426146,FALSE
0.22168872497398498,-729.8187972310955,FALSE
0.22202111698323665,-729.7955448852342,FALSE
0.22235400736897468,-729.7722230993088,FALSE
0.2226873968784466,-729.7488316669916,FALSE
0.2230212862600204,-729.7253703813487,FALSE
0.22335567626318614,-729.7018390348375,FALSE
0.22369056763855763,-729.678237419306,FALSE
0.22402596113787407,-729.6545653259892,FALSE
0.22436185751400187,-729.6308225455098,FALSE
0.22469825752093617,-729.6070088678739,FALSE
0.22503516191380277,-729.5831240824715,FALSE
0.22537257144885955,-729.5591679780728,FALSE
0.22571048688349835,-729.5351403428278,FALSE
0.22604890897624655,-729.511040964264,FALSE
0.22638783848676894,-729.4868696292845,FALSE
0.2267272761758692,-729.4626261241661,FALSE
0.2270672228054919,-729.4383102345585,FALSE
0.22740767913872384,-729.4139217454808,FALSE
0.22774864593979613,-729.3894604413216,FALSE
0.2280901239740857,-729.3649261058351,FALSE
0.228432114008117,-729.3403185221415,FALSE
0.22877461680956382,-729.3156374727237,FALSE
0.22911763314725098,-729.2908827394256,FALSE
0.22946116379115603,-729.2660541034504,FALSE
0.229805209512411,-729.24115134536,FALSE
0.23014977108330412,-729.2161742450705,FALSE
0.23049484927728156,-729.1911225818532,FALSE
0.23084044486894922,-729.165996134331,FALSE
0.23118655863407436,-729.1407946804766,FALSE
0.23153319134958741,-729.1155179976117,FALSE
0.23188034379358372,-729.0901658624042,FALSE
0.23222801674532523,-729.0647380508666,FALSE
0.23257621098524234,-729.039234338354,FALSE
0.23292492729493555,-729.0136544995628,FALSE
0.23327416645717733,-728.9879983085278,FALSE
0.23362392925591371,-728.9622655386215,FALSE
0.2339742164762663,-728.9364559625507,FALSE
0.2343250289045337,-728.9105693523567,FALSE
0.2346763673281936,-728.8846054794109,FALSE
0.23502823253590435,-728.8585641144151,FALSE
0.23538062531750678,-728.8324450273983,FALSE
0.23573354646402597,-728.8062479877151,FALSE
0.2360869967676731,-728.7799727640439,FALSE
0.2364409770218471,-728.7536191243847,FALSE
0.23679548802113645,-728.7271868360575,FALSE
0.23715053056132115,-728.7006756657003,FALSE
0.23750610543937428,-728.6740853792667,FALSE
0.23786221345346384,-728.6474157420246,FALSE
0.23821885540295462,-728.6206665185535,FALSE
0.23857603208840994,-728.5938374727438,FALSE
0.23893374431159342,-728.5669283677931,FALSE
0.23929199287547087,-728.5399389662057,FALSE
0.23965077858421197,-728.5128690297895,FALSE
0.2400101022431923,-728.4857183196553,FALSE
0.2403699646589948,-728.4584865962138,FALSE
0.24073036663941186,-728.4311736191733,FALSE
0.24109130899344702,-728.4037791475392,FALSE
0.24145279253131685,-728.3763029396104,FALSE
0.24181481806445268,-728.3487447529782,FALSE
0.24217738640550251,-728.3211043445242,FALSE
0.24254049836833277,-728.2933814704178,FALSE
0.24290415476803015,-728.2655758861147,FALSE
0.24326835642090355,-728.2376873463547,FALSE
0.24363310414448572,-728.2097156051597,FALSE
0.2439983987575352,-728.181660415831,FALSE
0.2443642410800382,-728.1535215309488,FALSE
0.2447306319332103,-728.1252987023685,FALSE
0.24509757213949845,-728.0969916812195,FALSE
0.2454650625225827,-728.0686002179027,FALSE
0.2458331039073782,-728.0401240620894,FALSE
0.24620169712003673,-728.0115629627178,FALSE
0.24657084298794907,-727.9829166679921,FALSE
0.24694054233974633,-727.9541849253793,FALSE
0.2473107960053021,-727.9253674816085,FALSE
0.24768160481573429,-727.8964640826679,FALSE
0.24805296960340692,-727.8674744738025,FALSE
0.24842489120193204,-727.8383983995126,FALSE
0.2487973704461716,-727.8092356035512,FALSE
0.24917040817223923,-727.7799858289226,FALSE
0.2495440052175023,-727.750648817879,FALSE
0.24991816242058373,-727.72122431192,FALSE
0.25029288062136373,-727.6917120517892,FALSE
0.25066816066098185,-727.6621117774722,FALSE
0.25104400338183874,-727.6324232281952,FALSE
0.25142040962759826,-727.6026461424221,FALSE
0.25179738024318915,-727.572780257853,FALSE
0.2521749160748069,-727.542825311421,FALSE
0.2525530179699159,-727.5127810392909,FALSE
0.25293168677725125,-727.4826471768571,FALSE
0.2533109233468205,-727.452423458741,FALSE
0.2536907285299056,-727.4221096187886,FALSE
0.254071103179065,-727.3917053900688,FALSE
0.25445204814813543,-727.3612105048713,FALSE
0.2548335642922338,-727.330624694704,FALSE
0.2552156524677592,-727.2999476902908,FALSE
0.2555983135323947,-727.2691792215691,FALSE
0.25598154834510933,-727.2383190176887,FALSE
0.2563653577661603,-727.2073668070087,FALSE
0.25674974265709427,-727.176322317095,FALSE
0.2571347038807499,-727.1451852747186,FALSE
0.25752024230125947,-727.113955405854,FALSE
0.257906358784051,-727.0826324356748,FALSE
0.25829305419585,-727.0512160885538,FALSE
0.2586803294046816,-727.0197060880596,FALSE
0.25906818527987235,-726.988102156954,FALSE
0.2594566226920522,-726.9564040171912,FALSE
0.2598456425131567,-726.9246113899133,FALSE
0.2602352456164285,-726.8927239954498,FALSE
0.26062543287641976,-726.8607415533152,FALSE
0.2610162051689937,-726.8286637822058,FALSE
0.261407563371327,-726.7964903999974,FALSE
0.2617995083619113,-726.7642211237444,FALSE
0.2621920410205556,-726.7318556696755,FALSE
0.2625851622283881,-726.699393753193,FALSE
0.2629788728678579,-726.6668350888701,FALSE
0.26337317382273756,-726.6341793904477,FALSE
0.26376806597812436,-726.6014263708328,FALSE
0.26416355022044286,-726.5685757420963,FALSE
0.2645596274374467,-726.5356272154703,FALSE
0.26495629851822056,-726.5025805013455,FALSE
0.26535356435318214,-726.46943530927,FALSE
0.26575142583408423,-726.4361913479449,FALSE
0.26614988385401667,-726.402848325224,FALSE
0.2665489393074084,-726.36940594811006,FALSE
0.26694859309002944,-726.3358639227534,FALSE
0.2673488460989929,-726.3022219544482,FALSE
0.2677496992327568,-726.2684797476315,FALSE
0.26815115339112666,-726.23463700588,FALSE
0.26855320947525674,-726.2006934319076,FALSE
0.2689558683876527,-726.1666487275634,FALSE
0.2693591310321732,-726.132502593829,FALSE
0.26976299831403233,-726.0982547308162,FALSE
0.27016747113980133,-726.0639048377644,FALSE
0.2705725504174107,-726.0294526130384,FALSE
0.2709782370561522,-725.9948977541255,FALSE
0.2713845319666811,-725.9602399576337,FALSE
0.27179143606101797,-725.9254789192883,FALSE
0.2721989502525508,-725.8906143339308,FALSE
0.27260707545603713,-725.8556458955147,FALSE
0.27301581258760615,-725.8205732971048,FALSE
0.2734251625647604,-725.7853962308735,FALSE
0.2738351263063784,-725.7501143880984,FALSE
0.27424570473271626,-725.7147274591601,FALSE
0.27465689876540983,-725.6792351335401,FALSE
0.2750687093274769,-725.6436370998176,FALSE
0.2754811373433192,-725.607933045667,FALSE
0.2758941837387244,-725.5721226578557,FALSE
0.27630784944086834,-725.5362056222414,FALSE
0.2767221353783171,-725.5001816237697,FALSE
0.2771370424810287,-725.4640503464714,FALSE
0.277552571680356,-725.4278114734602,FALSE
0.277968723909048,-725.3914646869293,FALSE
0.2783855001012521,-725.3550096681503,FALSE
0.2788029011925167,-725.3184460974695,FALSE
0.27922092811979254,-725.2817736543051,FALSE
0.27963958182143545,-725.2449920171458,FALSE
0.2800588632372081,-725.2081008635474,FALSE
0.28047877330828214,-725.1710998701302,FALSE
0.2808993129772406,-725.1339887125765,FALSE
0.28132048318807956,-725.0967670656281,FALSE
0.2817422848862106,-725.059434603084,FALSE
0.28216471901846285,-725.0219909977967,FALSE
0.2825877865330849,-724.9844359216706,FALSE
0.2830114883797473,-724.9467690456589,FALSE
0.2834358255095445,-724.9089900397614,FALSE
0.28386079887499677,-724.8710985730213,FALSE
0.28428640943005273,-724.8330943135225,FALSE
0.28471265813009144,-724.7949769283872,FALSE
0.2851395459319242,-724.756746083774,FALSE
0.2855670737937969,-724.7184014448735,FALSE
0.2859952426753924,-724.6799426759073,FALSE
0.2864240535378323,-724.6413694401236,FALSE
0.28685350734367926,-724.6026813997969,FALSE
0.2872836050569394,-724.5638782162226,FALSE
0.28771434764306386,-724.524959549716,FALSE
0.28814573606895166,-724.4859250596094,FALSE
0.2885777713029515,-724.4467744042485,FALSE
0.2890104543148639,-724.4075072409911,FALSE
0.2894437860759434,-724.3681232262027,FALSE
0.28987776755890104,-724.3286220152553,FALSE
0.29031239973790607,-724.2890032625234,FALSE
0.2907476835885885,-724.2492666213823,FALSE
0.29118362008804116,-724.2094117442043,FALSE
0.2916202102148218,-724.169438282357,FALSE
0.2920574549489555,-724.1293458861993,FALSE
0.29249535527193676,-724.0891342050802,FALSE
0.2929339121667316,-724.048802887334,FALSE
0.2933731266177799,-724.0083515802796,FALSE
0.29381299961099766,-723.9677799302161,FALSE
0.29425353213377897,-723.9270875824208,FALSE
0.29469472517499845,-723.8862741811458,FALSE
0.2951365797250135,-723.845339369616,FALSE
0.29557909677566624,-723.804282790026,FALSE
0.2960222773202861,-723.7631040835361,FALSE
0.2964661223536918,-723.7218028902713,FALSE
0.2969106328721936,-723.6803788493174,FALSE
0.2973558098735957,-723.6388315987176,FALSE
0.2978016543571983,-723.5971607754714,FALSE
0.29824816732379994,-723.5553660155298,FALSE
0.2986953497756996,-723.5134469537934,FALSE
0.2991432027166993,-723.4714032241101,FALSE
0.2995917271521059,-723.4292344592706,FALSE
0.3000409240887339,-723.3869402910069,FALSE
0.3004907945349069,-723.3445203499883,FALSE
0.3009413395004608,-723.30197426582,FALSE
0.30139255999674536,-723.2593016670386,FALSE
0.3018444570366267,-723.2165021811094,FALSE
0.30229703163448984,-723.1735754344247,FALSE
0.30275028480624044,-723.1305210522996,FALSE
0.3032042175693075,-723.0873386589695,FALSE
0.3036588309426455,-723.0440278775874,FALSE
0.30411412594673687,-723.0005883302197,FALSE
0.3045701036035939,-722.9570196378455,FALSE
0.30502676493676123,-722.9133214203514,FALSE
0.3054841109713183,-722.8694932965294,FALSE
0.3059421427338815,-722.8255348840745,FALSE
0.30640086125260635,-722.7814457995804,FALSE
0.30686026755719015,-722.7372256585375,FALSE
0.307320362678874,-722.6928740753299,FALSE
0.30778114765044506,-722.6483906632315,FALSE
0.3082426235062394,-722.6037750344038,FALSE
0.3087047912821435,-722.5590267998926,FALSE
0.30916765201559726,-722.5141455696249,FALSE
0.309631206745596,-722.4691309524057,FALSE
0.31009545651269294,-722.4239825559157,FALSE
0.3105604023590014,-722.3786999867069,FALSE
0.31102604532819716,-722.3332828502009,FALSE
0.31149238646552097,-722.287730750685,FALSE
0.3119594268177807,-722.2420432913092,FALSE
0.3124271674333539,-722.1962200740832,FALSE
0.3128956093621898,-722.1502606998739,FALSE
0.31336475365581196,-722.1041647684011,FALSE
0.31383460136732066,-722.0579318782347,FALSE
0.3143051535513951,-722.0115616267931,FALSE
0.31477641126429573,-721.9650536103378,FALSE
0.3152483755638669,-721.9184074239716,FALSE
0.31572104750953883,-721.8716226616352,FALSE
0.3161944281623305,-721.8246989161039,FALSE
0.3166685185848515,-721.7776357789851,FALSE
0.3171433198413048,-721.7304328407134,FALSE
0.31761883299748883,-721.6830896905501,FALSE
0.3180950591208002,-721.6356059165772,FALSE
0.3185719992802359,-721.5879811056964,FALSE
0.3190496545463957,-721.5402148436245,FALSE
0.31952802599148467,-721.4923067148914,FALSE
0.32000711468931525,-721.4442563028354,FALSE
0.32048692171531035,-721.3960631896011,FALSE
0.32096744814650496,-721.3477269561366,FALSE
0.3214486950615491,-721.2992471821884,FALSE
0.32193066354071004,-721.2506234463001,FALSE
0.32241335466587473,-721.201855325808,FALSE
0.3228967695205523,-721.1529423968384,FALSE
0.32338090918987655,-721.1038842343039,FALSE
0.32386577476060807,-721.0546804119009,FALSE
0.32435136732113695,-721.0053305021048,FALSE
0.3248376879614855,-720.9558340761687,FALSE
0.32532473777331,-720.9061907041189,FALSE
0.32581251784990356,-720.8563999547512,FALSE
0.3263010292861987,-720.8064613956288,FALSE
0.32679027317876946,-720.7563745930787,FALSE
0.3272802506258342,-720.706139112187,FALSE
0.32777096272725786,-720.6557545167977,FALSE
0.32826241058455435,-720.6052203695077,FALSE
0.32875459530088935,-720.5545362316642,FALSE
0.32924751798108254,-720.5037016633615,FALSE
0.32974117973161,-720.4527162234366,FALSE
0.3302355816606069,-720.4015794694677,FALSE
0.33073072487787,-720.3502909577685,FALSE
0.3312266104948598,-720.2988502433872,FALSE
0.33172323962470357,-720.2472568801011,FALSE
0.33222061338219744,-720.195510420414,FALSE
0.3327187328838088,-720.1436104155538,FALSE
0.33321759924767963,-720.0915564154669,FALSE
0.33371721359362777,-720.0393479688169,FALSE
0.33421757704315036,-719.9869846229797,FALSE
0.3347186907194261,-719.9344659240412,FALSE
0.3352205557473177,-719.8817914167931,FALSE
0.3357231732533744,-719.8289606447292,FALSE
0.3362265443658346,-719.7759731500432,FALSE
0.33673067021462827,-719.7228284736237,FALSE
0.33723555193137966,-719.6695261550523,FALSE
0.3377411906494097,-719.6160657325981,FALSE
0.3382475875037386,-719.5624467432167,FALSE
0.3387547436310883,-719.5086687225444,FALSE
0.33926266016988516,-719.4547312048965,FALSE
0.3397713382602624,-719.4006337232621,FALSE
0.3402807790440628,-719.3463758093027,FALSE
0.3407909836648411,-719.2919569933462,FALSE
0.3413019532678667,-719.2373768043852,FALSE
0.3418136890001261,-719.1826347700735,FALSE
0.34232619201032566,-719.1277304167207,FALSE
0.34283946344889404,-719.0726632692906,FALSE
0.34335350446798474,-719.0174328513974,FALSE
0.3438683162214788,-718.9620386853003,FALSE
0.3443838998649873,-718.9064802919028,FALSE
0.3449002565558541,-718.8507571907465,FALSE
0.3454173874531583,-718.7948689000094,FALSE
0.34593529371771675,-718.7388149365007,FALSE
0.34645397651208704,-718.6825948156585,FALSE
0.3469734370005697,-718.6262080515461,FALSE
0.34749367634921097,-718.5696541568469,FALSE
0.3480146957258054,-718.5129326428628,FALSE
0.3485364962998986,-718.4560430195093,FALSE
0.3490590792427896,-718.3989847953117,FALSE
0.3495824457275337,-718.3417574774026,FALSE
0.3501065969289452,-718.2843605715175,FALSE
0.3506315340235995,-718.2267935819906,FALSE
0.3511572581898365,-718.1690560117521,FALSE
0.35168377060776274,-718.111147362324,FALSE
0.352211072459254,-718.0530671338174,FALSE
0.35273916492795826,-717.9948148249262,FALSE
0.3532680491992983,-717.9363899329265,FALSE
0.353797726460474,-717.8777919536716,FALSE
0.3543281979004657,-717.819020381587,FALSE
0.35485946471003615,-717.7600747096693,FALSE
0.35539152808173335,-717.7009544294801,FALSE
0.35592438920989394,-717.6416590311436,FALSE
0.3564580492906447,-717.5821880033423,FALSE
0.3569925095219061,-717.5225408333135,FALSE
0.3575277711033948,-717.4627170068455,FALSE
0.35806383523662605,-717.4027160082737,FALSE
0.3586007031249169,-717.3425373204772,FALSE
0.35913837597338827,-717.2821804248738,FALSE
0.35967685498896823,-717.221644801418,FALSE
0.36021614138039443,-717.1609299285963,FALSE
0.36075623635821685,-717.1000352834227,FALSE
0.36129714113480055,-717.0389603414363,FALSE
0.3618388569243283,-716.9777045766965,FALSE
0.36238138494280336,-716.9162674617793,FALSE
0.36292472640805234,-716.8546484677737,FALSE
0.3634688825397277,-716.7928470642779,FALSE
0.3640138545593106,-716.7308627193952,FALSE
0.36455964369011373,-716.6686948997301,FALSE
0.36510625115728396,-716.6063430703848,FALSE
0.3656536781878051,-716.5438066949549,FALSE
0.36620192601050044,-716.4810852355258,FALSE
0.3667509958560361,-716.418178152669,FALSE
0.36730088895692314,-716.3550849054374,FALSE
0.3678516065475207,-716.2918049513622,FALSE
0.36840314986403866,-716.2283377464488,FALSE
0.36895552014454036,-716.1646827451727,FALSE
0.3695087186289455,-716.1008394004756,FALSE
0.37006274655903315,-716.0368071637616,FALSE
0.3706176051784436,-715.9725854848933,FALSE
0.3711732957326826,-715.9081738121877,FALSE
0.37172981946912254,-715.8435715924119,FALSE
0.37228717763700675,-715.7787782707802,FALSE
0.3728453714874515,-715.7137932909492,FALSE
0.3734044022734485,-715.6486160950136,FALSE
0.3739642712498688,-715.5832461235034,FALSE
0.3745249796734643,-715.5176828153787,FALSE
0.3750865288028719,-715.451925608027,FALSE
0.375648919898615,-715.3859739372571,FALSE
0.37621215422310755,-715.3198272372979,FALSE
0.3767762330406558,-715.2534849407913,FALSE
0.377341157617462,-715.186946478791,FALSE
0.37790692922162705,-715.1202112807565,FALSE
0.3784735491231526,-715.0532787745502,FALSE
0.37904101859394523,-714.9861483864328,FALSE
0.3796093389078178,-714.9188195410592,FALSE
0.3801785113404938,-714.8512916614748,FALSE
0.3807485371696089,-714.7835641691107,FALSE
0.3813194176747149,-714.7156364837809,FALSE
0.38189115413728164,-714.6475080236775,FALSE
0.3824637478407007,-714.5791782053657,FALSE
0.3830372000702881,-714.5106464437811,FALSE
0.3836115121132863,-714.4419121522257,FALSE
0.3841866852588686,-714.3729747423619,FALSE
0.38476272079814067,-714.3038336242107,FALSE
0.3853396200241444,-714.234488206146,FALSE
0.38591738423186006,-714.1649378948911,FALSE
0.38649601471821,-714.0951820955146,FALSE
0.38707551278206054,-714.0252202114258,FALSE
0.3876558797242261,-713.9550516443712,FALSE
0.3882371168474713,-713.8846757944299,FALSE
0.3888192254565137,-713.8140920600092,FALSE
0.38940220685802773,-713.743299837841,FALSE
0.3899860623606463,-713.6722985229777,FALSE
0.39057079327496513,-713.6010875087873,FALSE
0.3911564009135444,-713.5296661869494,FALSE
0.3917428865909129,-713.4580339474516,FALSE
0.39233025162356966,-713.3861901785847,FALSE
0.39291849732998824,-713.3141342669386,FALSE
0.393507625030619,-713.2418655973986,FALSE
0.39409763604789155,-713.1693835531402,FALSE
0.39468853170621915,-713.0966875156255,FALSE
0.3952803133320001,-713.0237768645992,FALSE
0.395872982253622,-712.9506509780834,FALSE
0.3964665398014637,-712.8773092323745,FALSE
0.3970609873078992,-712.8037510020382,FALSE
0.3976563261073002,-712.7299756599056,FALSE
0.3982525575360385,-712.6559825770681,FALSE
0.39884968293249057,-712.5817711228747,FALSE
0.39944770363703863,-712.5073406649265,FALSE
0.4000466209920754,-712.432690569072,FALSE
0.40064643634200575,-712.3578201994045,FALSE
0.4012471510332508,-712.2827289182563,FALSE
0.4018487664142499,-712.207416086195,FALSE
0.4024512838354647,-712.1318810620193,FALSE
0.4030547046493816,-712.0561232027536,FALSE
0.4036590302105144,-711.9801418636459,FALSE
0.4042642618754086,-711.9039363981606,FALSE
0.4048704010026428,-711.8275061579769,FALSE
0.4054774489528334,-711.7508504929829,FALSE
0.40608540708863605,-711.6739687512706,FALSE
0.40669427677475034,-711.5968602791341,FALSE
0.40730405937792136,-711.5195244210623,FALSE
0.4079147562669438,-711.4419605197367,FALSE
0.40852636881266485,-711.3641679160254,FALSE
0.4091388983879865,-711.2861459489803,FALSE
0.4097523463678699,-711.2078939558317,FALSE
0.41036671412933706,-711.1294112719838,FALSE
0.4109820030514755,-711.0506972310109,FALSE
0.4115982145154395,-710.9717511646527,FALSE
0.41221534990445513,-710.89257240281,FALSE
0.4128334106038217,-710.8131602735396,FALSE
0.413452398000916,-710.7335141030516,FALSE
0.41407231348519513,-710.6536332157028,FALSE
0.4146931584481988,-710.573516933994,FALSE
0.41531493428355404,-710.4931645785642,FALSE
0.4159376423869766,-710.4125754681878,FALSE
0.4165612841562757,-710.3317489197682,FALSE
0.4171858609913555,-710.250684248335,FALSE
0.41781137429422016,-710.1693807670385,FALSE
0.4184378254689749,-710.0878377871458,FALSE
0.419065215921831,-710.0060546180363,FALSE
0.41969354706110795,-709.9240305671968,FALSE
0.42032282029723644,-709.8417649402172,FALSE
0.4209530370427626,-709.7592570407865,FALSE
0.4215841987123497,-709.6765061706876,FALSE
0.4222163067227829,-709.593511629793,FALSE
0.42284936249297084,-709.5102727160613,FALSE
0.4234833674439503,-709.4267887255305,FALSE
0.42411832299888824,-709.3430589523159,FALSE
0.42475423058308576,-709.2590826886039,FALSE
0.42539109162398103,-709.1748592246485,FALSE
0.426028907551152,-709.0903878487658,FALSE
0.4266676797963208,-709.0056678473304,FALSE
0.42730740979335546,-708.9206985047708,FALSE
0.4279480989782747,-708.835479103564,FALSE
0.4285897487892495,-708.7500089242317,FALSE
0.429232360666608,-708.6642872453357,FALSE
0.4298759360528372,-708.5783133434735,FALSE
0.4305204763925874,-708.4920864932726,FALSE
0.431165983132675,-708.4056059673877,FALSE
0.4318124577220852,-708.318871036495,FALSE
0.43245990161197634,-708.2318809692879,FALSE
0.43310831625568197,-708.144635032472,FALSE
0.4337577031087154,-708.0571324907619,FALSE
0.43440806362877166,-707.9693726068747,FALSE
0.43505939927573184,-707.8813546415269,FALSE
0.4357117115116655,-707.7930778534292,FALSE
0.4363650018008348,-707.7045414992822,FALSE
0.43701927160969734,-707.6157448337714,FALSE
0.43767452240690896,-707.526687109563,FALSE
0.43833075566332824,-707.437367577299,FALSE
0.4389879728520184,-707.347785485593,FALSE
0.43964617544825213,-707.2579400810253,FALSE
0.4403053649295132,-707.1678306081377,FALSE
0.44096554277550143,-707.0774563094304,FALSE
0.44162671046813495,-706.9868164253561,FALSE
0.44228886949155355,-706.8959101943157,FALSE
0.4429520213321229,-706.804736852654,FALSE
0.4436161674784365,-706.7132956346549,FALSE
0.44428130942132066,-706.6215857725363,FALSE
0.44494744865383606,-706.5296064964461,FALSE
0.44561458667128295,-706.4373570344578,FALSE
0.44628272497120275,-706.3448366125651,FALSE
0.4469518650533827,-706.2520444546772,FALSE
0.447622008419859,-706.158979782615,FALSE
0.44829315657491914,-706.0656418161061,FALSE
0.44896531102510695,-705.9720297727796,FALSE
0.4496384732792244,-705.8781428681627,FALSE
0.45031264484833644,-705.7839803156745,FALSE
0.45098782724577285,-705.6895413266227,FALSE
0.4516640219871332,-705.5948251101979,FALSE
0.45234123059028875,-705.4998308734699,FALSE
0.4530194545753872,-705.4045578213826,FALSE
0.4536986954648556,-705.3090051567486,FALSE
0.4543789547834028,-705.2131720802461,FALSE
0.45506023405802476,-705.1170577904129,FALSE
0.4557425348180062,-705.020661483643,FALSE
0.4564258585949254,-704.9239823541801,FALSE
0.45711020692265636,-704.8270195941147,FALSE
0.4577955813373738,-704.7297723933789,FALSE
0.4584819833775547,-704.6322399397412,FALSE
0.45916941458398347,-704.5344214188025,FALSE
0.45985787649975485,-704.4363160139911,FALSE
0.4605473706702765,-704.3379229065582,FALSE
0.461237898643274,-704.2392412755728,FALSE
0.4619294619687928,-704.140270297918,FALSE
0.46262206219920327,-704.0410091482855,FALSE
0.4633157008892023,-703.9414569991708,FALSE
0.46401037959581903,-703.841613020869,FALSE
0.464706099878416,-703.7414763814706,FALSE
0.46540286329869457,-703.6410462468558,FALSE
0.46610067142069767,-703.5403217806901,FALSE
0.4667995258108126,-703.4393021444201,FALSE
0.46749942803777617,-703.3379864972685,FALSE
0.46820037967267636,-703.2363739962298,FALSE
0.46890238228895775,-703.1344637960649,FALSE
0.4696054374624231,-703.0322550492971,FALSE
0.4703095467712388,-702.9297469062071,FALSE
0.4710147117959366,-702.8269385148287,FALSE
0.4717209341194188,-702.7238290209438,FALSE
0.47242821532696083,-702.6204175680775,FALSE
0.47313655700621454,-702.5167032974941,FALSE
0.473845960747213,-702.4126853481927,FALSE
0.4745564281423727,-702.3083628569004,FALSE
0.47526796078649824,-702.2037349580713,FALSE
0.4759805602767848,-702.098800783878,FALSE
0.4766942282128232,-701.9935594642097,FALSE
0.4774089661966016,-701.8880101266665,FALSE
0.4781247758325109,-701.7821518965546,FALSE
0.4788416587273475,-701.675983896882,FALSE
0.4795596164903165,-701.5695052483541,FALSE
0.4802786507330364,-701.4627150693681,FALSE
0.48099876306954126,-701.3556124760099,FALSE
0.48171995511628624,-701.2481965820479,FALSE
0.4824422284921492,-701.1404664989291,FALSE
0.48316558481843597,-701.032421335775,FALSE
0.4838900257188826,-700.9240601993761,FALSE
0.4846155528196605,-700.8153821941877,FALSE
0.48534216774937905,-700.7063864223247,FALSE
0.4860698721390889,-700.5970719835585,FALSE
0.48679866762228724,-700.4874379753109,FALSE
0.4875285558349195,-700.3774834926501,FALSE
0.48825953841538483,-700.2672076282855,FALSE
0.4889916170045382,-700.156609472565,FALSE
0.4897247932456953,-700.0456881134679,FALSE
0.49045906878463585,-699.9344426366015,FALSE
0.49119444526960654,-699.8228721251973,FALSE
0.49193092435132624,-699.7109756601051,FALSE
0.4926685076829879,-699.5987523197892,FALSE
0.49340719692026425,-699.4862011803237,FALSE
0.49414699372130944,-699.3733213153881,FALSE
0.49488789974676467,-699.2601117962618,FALSE
0.49562991665976036,-699.1465716918214,FALSE
0.496373046125921,-699.0327000685342,FALSE
0.49711728981336856,-698.9184959904552,FALSE
0.4978626493927255,-698.8039585192219,FALSE
0.49860912653712,-698.6890867140493,FALSE
0.4993567229221879,-698.573879631727,FALSE
0.5001054402260785,-698.4583363266127,FALSE
0.5008552801294561,-698.3424558506294,FALSE
0.5016062443155062,-698.2262372532598,FALSE
0.5023583344699367,-698.1096795815425,FALSE
0.503111552280984,-697.9927818800672,FALSE
0.5038658994394155,-697.8755431909705,FALSE
0.5046213776385332,-697.7579625539311,FALSE
0.5053779885741787,-697.6400390061654,FALSE
0.5061357339447357,-697.521771582424,FALSE
0.5068946154511349,-697.4031593149856,FALSE
0.5076546347968568,-697.2842012336547,FALSE
0.5084157936879364,-697.1648963657544,FALSE
0.5091780938329665,-697.0452437361255,FALSE
0.5099415369431017,-696.9252423671189,FALSE
0.5107061247320627,-696.8048912785933,FALSE
0.5114718589161387,-696.6841894879101,FALSE
0.5122387412141932,-696.5631360099288,FALSE
0.5130067733476664,-696.4417298570032,FALSE
0.5137759570405799,-696.3199700389773,FALSE
0.5145462940195396,-696.1978555631796,FALSE
0.5153177860137411,-696.0753854344208,FALSE
0.516090434754972,-695.952558654988,FALSE
0.5168642419776165,-695.829374224641,FALSE
0.5176392094186602,-695.7058311406076,FALSE
0.5184153388176915,-695.5819283975806,FALSE
0.5191926319169087,-695.4576649877118,FALSE
0.5199710904611208,-695.333039900609,FALSE
0.5207507161977543,-695.2080521233319,FALSE
0.5215315108768545,-695.0827006403867,FALSE
0.5223134762510916,-694.9569844337233,FALSE
0.523096614075763,-694.8309024827304,FALSE
0.5238809261087983,-694.7044537642312,FALSE
0.5246664141107632,-694.5776372524799,FALSE
0.5254530798448621,-694.4504519191573,FALSE
0.5262409250769444,-694.3228967333664,FALSE
0.5270299515755057,-694.1949706616288,FALSE
0.5278201611116947,-694.06667266788,FALSE
0.5286115554593144,-693.9380017134661,FALSE
0.5294041363948284,-693.8089567571395,FALSE
0.5301979056973631,-693.6795367550548,FALSE
0.5309928651487129,-693.5497406607641,FALSE
0.5317890165333439,-693.4195674252146,FALSE
0.5325863616383969,-693.2890159967435,FALSE
0.5333849022536935,-693.158085321074,FALSE
0.5341846401717378,-693.0267743413119,FALSE
0.5349855771877223,-692.8950819979418,FALSE
0.5357877150995306,-692.7630072288223,FALSE
0.5365910557077425,-692.6305489691829,FALSE
0.5373956008156369,-692.4977061516203,FALSE
0.5382013522291967,-692.3644777060937,FALSE
0.5390083117571134,-692.2308625599222,FALSE
0.5398164812107891,-692.09685963778,FALSE
0.5406258624043427,-691.9624678616926,FALSE
0.5414364571546129,-691.8276861510342,FALSE
0.5422482672811624,-691.6925134225227,FALSE
0.5430612946062822,-691.5569485902167,FALSE
0.5438755409549954,-691.4209905655116,FALSE
0.5446910081550621,-691.2846382571362,FALSE
0.5455076980369818,-691.1478905711487,FALSE
0.5463256124339999,-691.010746410933,FALSE
0.5471447531821091,-690.8732046771962,FALSE
0.5479651221200561,-690.7352642679635,FALSE
0.5487867210893437,-690.5969240785754,FALSE
0.5496095519342364,-690.4581830016847,FALSE
0.5504336165017635,-690.3190399272521,FALSE
0.5512589166417238,-690.1794937425437,FALSE
0.5520854542066901,-690.0395433321262,FALSE
0.5529132310520117,-689.899187577865,FALSE
0.5537422490358213,-689.7584253589201,FALSE
0.5545725100190361,-689.617255551743,FALSE
0.5554040158653646,-689.4756770300725,FALSE
0.556236768441309,-689.3336886649329,FALSE
0.5570707696161706,-689.1912893246296,FALSE
0.5579060212620529,-689.0484778747466,FALSE
0.5587425252538668,-688.9052531781426,FALSE
0.5595802834693345,-688.7616140949482,FALSE
0.5604192977889928,-688.617559482563,FALSE
0.5612595700961992,-688.4730881956522,FALSE
0.5621011022771338,-688.3281990861435,FALSE
0.5629438962208061,-688.1828910032241,FALSE
0.5637879538190566,-688.0371627933383,FALSE
0.5646332769665636,-687.8910133001831,FALSE
0.5654798675608452,-687.7444413647065,FALSE
0.566327727502265,-687.5974458251048,FALSE
0.5671768586940364,-687.4500255168183,FALSE
0.5680272630422254,-687.3021792725294,FALSE
0.5688789424557568,-687.1539059221607,FALSE
0.5697318988464166,-687.0052042928704,FALSE
0.5705861341288586,-686.8560732090505,FALSE
0.571441650220606,-686.7065114923241,FALSE
0.5722984490420582,-686.5565179615431,FALSE
0.5731565325164929,-686.406091432785,FALSE
0.5740159025700723,-686.2552307193507,FALSE
0.5748765611318467,-686.103934631761,FALSE
0.5757385101337578,-685.9522019777557,FALSE
0.5766017515106452,-685.8000315622903,FALSE
0.5774662872002484,-685.6474221875335,FALSE
0.5783321191432131,-685.4943726528647,FALSE
0.5791992492830943,-685.3408817548726,FALSE
0.5800676795663615,-685.1869482873517,FALSE
0.5809374119424019,-685.0325710413009,FALSE
0.5818084483635263,-684.8777488049213,FALSE
0.5826807907849727,-684.7224803636129,FALSE
0.58355444116491,-684.5667644999745,FALSE
0.5844294014644441,-684.4105999937996,FALSE
0.5853056736476202,-684.253985622076,FALSE
0.5861832596814296,-684.0969201589824,FALSE
0.5870621615358114,-683.9394023758883,FALSE
0.5879423811836597,-683.78143104135,FALSE
0.5888239206008256,-683.6230049211104,FALSE
0.5897067817661235,-683.4641227780966,FALSE
0.5905909666613345,-683.304783372418,FALSE
0.5914764772712109,-683.1449854613655,FALSE
0.5923633155834812,-682.9847277994085,FALSE
0.5932514835888539,-682.8240091381946,FALSE
0.5941409832810227,-682.6628282265475,FALSE
0.5950318166566699,-682.5011838104656,FALSE
0.5959239857154727,-682.3390746331204,FALSE
0.5968174924601051,-682.1764994348558,FALSE
0.5977123388962448,-682.013456953186,FALSE
0.5986085270325768,-681.8499459227951,FALSE
0.5995060588807971,-681.6859650755351,FALSE
0.600404936455619,-681.5215131404252,FALSE
0.6013051617747753,-681.3565888436509,FALSE
0.6022067368590256,-681.1911909085628,FALSE
0.6031096637321579,-681.0253180556753,FALSE
0.6040139444209954,-680.8589690026665,FALSE
0.6049195809554007,-680.6921424643766,FALSE
0.6058265753682784,-680.5248371528079,FALSE
0.6067349296955831,-680.3570517771233,FALSE
0.6076446459763201,-680.1887850436466,FALSE
0.6085557262525534,-680.0200356558609,FALSE
0.6094681725694078,-679.8508023144088,FALSE
0.6103819869750754,-679.6810837170923,FALSE
0.6112971715208183,-679.510878558871,FALSE
0.612213728260975,-679.340185531864,FALSE
0.613131659252964,-679.1690033253468,FALSE
0.6140509665572881,-678.9973306257544,FALSE
0.6149716522375404,-678.8251661166787,FALSE
0.6158937183604071,-678.6525084788695,FALSE
0.6168171669956741,-678.4793563902349,FALSE
0.6177420002162299,-678.3057085258404,FALSE
0.6186682200980717,-678.13156355791,FALSE
0.6195958287203083,-677.9569201558263,FALSE
0.620524828165167,-677.7817769861308,FALSE
0.6214552205179968,-677.6061327125238,FALSE
0.6223870078672729,-677.429985995866,FALSE
0.6233201923046024,-677.2533354941781,FALSE
0.6242547759247281,-677.0761798626426,FALSE
0.6251907608255343,-676.8985177536035,FALSE
0.6261281491080495,-676.7203478165668,FALSE
0.6270669428764538,-676.5416686982038,FALSE
0.6280071442380811,-676.3624790423488,FALSE
0.6289487553034259,-676.182777490003,FALSE
0.6298917781861467,-676.0025626793339,FALSE
0.6308362150030707,-675.8218332456778,FALSE
0.6317820678741999,-675.6405878215403,FALSE
0.632729338922714,-675.4588250365982,FALSE
0.633678030274977,-675.2765435177006,FALSE
0.6346281440605401,-675.0937418888714,FALSE
0.6355796824121488,-674.9104187713097,FALSE
0.6365326474657449,-674.7265727833935,FALSE
0.6374870413604737,-674.5422025406797,FALSE
0.6384428662386881,-674.3573066559069,FALSE
0.6394001242459518,-674.1718837389982,FALSE
0.6403588175310472,-673.985932397062,FALSE
0.6413189482459769,-673.7994512343964,FALSE
0.6422805185459717,-673.6124388524885,FALSE
0.6432435305894922,-673.4248938500201,FALSE
0.644207986538237,-673.2368148228686,FALSE
0.6451738885571444,-673.0482003641101,FALSE
0.6461412388143998,-672.8590490640222,FALSE
0.6471100394814392,-672.6693595100867,FALSE
0.6480802927329538,-672.4791302869937,FALSE
0.6490520007468964,-672.2883599766432,FALSE
0.6500251657044844,-672.0970471581494,FALSE
0.6509997897902067,-671.9051904078441,FALSE
0.6519758751918261,-671.7127882992799,FALSE
0.6529534241003874,-671.5198394032335,FALSE
0.6539324387102189,-671.3263422877103,FALSE
0.6549129212189402,-671.1322955179478,FALSE
0.6558948738274656,-670.9376976564189,FALSE
0.6568782987400087,-670.7425472628377,FALSE
0.6578631981640893,-670.5468428941614,FALSE
0.6588495743105358,-670.3505831045973,FALSE
0.6598374293934923,-670.1537664456044,FALSE
0.6608267656304222,-669.9563914659009,FALSE
0.6618175852421141,-669.7584567114667,FALSE
0.6628098904526858,-669.5599607255491,FALSE
0.6638036834895905,-669.3609020486679,FALSE
0.664798966583621,-669.1612792186203,FALSE
0.6657957419689143,-668.9610907704866,FALSE
0.6667940118829583,-668.7603352366344,FALSE
0.6677937785665943,-668.5590111467263,FALSE
0.6687950442640247,-668.3571170277226,FALSE
0.6697978112228158,-668.15465140388994,FALSE
0.6708020816939045,-667.9516127968055,FALSE
0.6718078579316029,-667.7479997253639,FALSE
0.6728151421936018,-667.5438107057835,FALSE
0.6738239367409788,-667.3390442516114,FALSE
0.6748342438382002,-667.1336988737326,FALSE
0.6758460657531288,-666.9277730803739,FALSE
0.6768594047570264,-666.7212653771126,FALSE
0.6778742631245619,-666.5141742668833,FALSE
0.678890643133813,-666.3064982499842,FALSE
0.6799085470662745,-666.0982358240851,FALSE
0.6809279772068614,-665.8893854842343,FALSE
0.6819489358439143,-665.6799457228675,FALSE
0.6829714252692056,-665.4699150298143,FALSE
0.6839954477779432,-665.2592918923065,FALSE
0.6850210056687769,-665.0480747949867,FALSE
0.6860481012438023,-664.8362622199162,FALSE
0.6870767368085678,-664.6238526465838,FALSE
0.6881069146720773,-664.4108445519141,FALSE
0.6891386371467978,-664.1972364102761,FALSE
0.6901719065486633,-663.9830266934937,FALSE
0.6912067251970797,-663.768213870853,FALSE
0.6922430954149315,-663.5527964091123,FALSE
0.6932810195285847,-663.3367727725127,FALSE
0.6943204998678948,-663.1201414227867,FALSE
0.6953615387662093,-662.9029008191683,FALSE
0.6964041385603756,-662.6850494184033,FALSE
0.6974483015907436,-662.4665856747599,FALSE
0.6984940302011728,-662.2475080400391,FALSE
0.6995413267390375,-662.0278149635848,FALSE
0.7005901935552304,-661.8075048922955,FALSE
0.7016406330041703,-661.5865762706352,FALSE
0.7026926474438051,-661.3650275406445,FALSE
0.7037462392356189,-661.1428571419525,FALSE
0.7048014107446356,-660.920063511788,FALSE
0.7058581643394265,-660.6966450849924,FALSE
0.7069165023921126,-660.4726002940307,FALSE
0.707976427278373,-660.247927569005,FALSE
0.7090379413774482,-660.022625337666,FALSE
0.7101010470721457,-659.796692025427,FALSE
0.7111657467488468,-659.5701260553759,FALSE
0.7122320427975092,-659.3429258482895,FALSE
0.7132999376116758,-659.1150898226462,FALSE
0.7143694335884767,-658.8866163946396,FALSE
0.7154405331286375,-658.6575039781939,FALSE
0.7165132386364823,-658.4277509849761,FALSE
0.7175875525199409,-658.1973558244122,FALSE
0.7186634771905533,-657.9663169037005,FALSE
0.7197410150634747,-657.7346326278285,FALSE
0.7208201685574825,-657.5023013995855,FALSE
0.7219009400949796,-657.2693216195802,FALSE
0.7229833321020023,-657.035691686255,FALSE
0.7240673470082228,-656.8014099959033,FALSE
0.7251529872469579,-656.5664749426844,FALSE
0.7262402552551712,-656.330884918641,FALSE
0.7273291534734816,-656.0946383137154,FALSE
0.7284196843461671,-655.8577335157659,FALSE
0.7295118503211695,-655.6201689105865,FALSE
0.7306056538501025,-655.3819428819211,FALSE
0.7317010973882541,-655.1430538114845,FALSE
0.7327981833945952,-654.903500078978,FALSE
0.7338969143317823,-654.6632800621095,FALSE
0.7349972926661653,-654.4223921366118,FALSE
0.7360993208677912,-654.1808346762608,FALSE
0.7372030014104111,-653.9386060528961,FALSE
0.7383083367714853,-653.6957046364395,FALSE
0.7394153294321878,-653.4521287949157,FALSE
0.740523981877414,-653.2078768944715,FALSE
0.7416342965957837,-652.9629472993977,FALSE
0.7427462760796496,-652.7173383721484,FALSE
0.7438599228250998,-652.4710484733638,FALSE
0.744975239331966,-652.2240759618901,FALSE
0.7460922281038279,-651.9764191948016,FALSE
0.7472108916480182,-651.7280765274242,FALSE
0.7483312324756305,-651.4790463133554,FALSE
0.7494532531015217,-651.2293269044903,FALSE
0.7505769560443207,-650.9789166510415,FALSE
0.751702343826432,-650.7278139015636,FALSE
0.7528294189740428,-650.4760170029784,FALSE
0.7539581840171268,-650.2235243005977,FALSE
0.7550886414894523,-649.9703341381478,FALSE
0.7562207939285864,-649.7164448577946,FALSE
0.7573546438759,-649.4618548001691,FALSE
0.7584901938765759,-649.206562304392,FALSE
0.7596274464796113,-648.9505657081023,FALSE
0.7607664042378273,-648.6938633474795,FALSE
0.7619070697078705,-648.4364535572739,FALSE
0.7630494454502228,-648.1783346708318,FALSE
0.7641935340292035,-647.9195050201238,FALSE
0.7653393380129779,-647.6599629357725,FALSE
0.7664868599735619,-647.3997067470798,FALSE
0.7676361024868268,-647.138734782058,FALSE
0.7687870681325072,-646.8770453674557,FALSE
0.7699397594942047,-646.6146368287901,FALSE
0.7710941791593955,-646.3515074903751,FALSE
0.7722503297194346,-646.0876556753522,FALSE
0.7734082137695633,-645.8230797057216,FALSE
0.7745678339089129,-645.5577779023729,FALSE
0.7757291927405128,-645.2917485851167,FALSE
0.7768922928712952,-645.0249900727168,FALSE
0.7780571369121002,-644.757500682923,FALSE
0.7792237274776835,-644.4892787325032,FALSE
0.7803920671867203,-644.2203225372778,FALSE
0.7815621586618133,-643.9506304121525,FALSE
0.7827340045294962,-643.6802006711537,FALSE
0.7839076074202418,-643.4090316274621,FALSE
0.7850829699684663,-643.1371215934496,FALSE
0.7862600948125361,-642.8644688807127,FALSE
0.787438984594774,-642.5910718001107,FALSE
0.7886196419614634,-642.316928661802,FALSE
0.7898020695628568,-642.0420377752808,FALSE
0.790986270053179,-641.7663974494147,FALSE
0.7921722460906357,-641.4900059924837,FALSE
0.7933600003374173,-641.212861712218,FALSE
0.7945495354597066,-640.9349629158385,FALSE
0.795740854127683,-640.6563079100952,FALSE
0.7969339590155303,-640.376895001308,FALSE
0.7981288528014421,-640.0967224954077,FALSE
0.7993255381676261,-639.8157886979782,FALSE
0.8005240178003135,-639.5340919142959,FALSE
0.8017242943897613,-639.2516304493752,FALSE
0.8029263706302621,-638.9684026080093,FALSE
0.8041302492201462,-638.6844066948153,FALSE
0.8053359328617917,-638.3996410142769,FALSE
0.8065434242616266,-638.1141038707912,FALSE
0.8077527261301383,-637.8277935687115,FALSE
0.8089638411818778,-637.5407084123956,FALSE
0.8101767721354656,-637.2528467062509,FALSE
0.8113915217135995,-636.964206754782,FALSE
0.8126080926430581,-636.6747868626386,FALSE
0.8138264876547103,-636.3845853346636,FALSE
0.8150467094835178,-636.0936004759424,FALSE
0.8162687608685443,-635.8018305918517,FALSE
0.8174926445529593,-635.5092739881117,FALSE
0.8187183632840461,-635.2159289708349,FALSE
0.8199459198132075,-634.9217938465783,FALSE
0.8211753168959701,-634.6268669223972,FALSE
0.8224065572919939,-634.3311465058954,FALSE
0.8236396437650748,-634.0346309052813,FALSE
0.8248745790831545,-633.737318429421,FALSE
0.8261113660183232,-633.4392073878928,FALSE
0.8273500073468286,-633.1402960910443,FALSE
0.8285905058490809,-632.8405828500473,FALSE
0.8298328643096581,-632.5400659769564,FALSE
0.8310770855173147,-632.2387437847653,FALSE
0.8323231722649853,-631.9366145874667,FALSE
0.8335711273497934,-631.6336767001106,FALSE
0.8348209535730552,-631.3299284388651,FALSE
0.836072653740288,-631.0253681210766,FALSE
0.8373262306612148,-630.719994065332,FALSE
0.8385816871497721,-630.4138045915206,FALSE
0.8398390260241154,-630.1067980208973,FALSE
0.841098250106625,-629.7989726761463,FALSE
0.842359362223914,-629.490326881447,FALSE
0.8436223652068324,-629.1808589625382,FALSE
0.844887261890476,-628.8705672467847,FALSE
0.8461540551141903,-628.5594500632452,FALSE
0.8474227477215788,-628.24750574274,FALSE
0.8486933425605079,-627.9347326179189,FALSE
0.8499658424831145,-627.621129023333,FALSE
0.8512402503458123,-627.3066932955027,FALSE
0.8525165690092964,-626.9914237729923,FALSE
0.8537948013385528,-626.6753187964787,FALSE
0.8550749502028616,-626.3583767088284,FALSE
0.8563570184758065,-626.0405958551686,FALSE
0.8576410090352781,-625.7219745829641,FALSE
0.8589269247634838,-625.4025112420927,FALSE
0.8602147685469507,-625.0822041849219,FALSE
0.8615045432765351,-624.7610517663874,FALSE
0.8627962518474278,-624.4390523440712,FALSE
0.8640898971591593,-624.1162042782826,FALSE
0.8653854821156092,-623.7925059321369,FALSE
0.8666830096250093,-623.4679556716401,FALSE
0.8679824825999538,-623.1425518657683,FALSE
0.869283903957402,-622.8162928865547,FALSE
0.8705872766186886,-622.4891771091723,FALSE
0.8718926035095268,-622.1612029120203,FALSE
0.8731998875600178,-621.8323686768113,FALSE
0.8745091317046557,-621.5026727886587,FALSE
0.8758203388823338,-621.1721136361668,FALSE
0.8771335120363533,-620.8406896115193,FALSE
0.8784486541144264,-620.5083991105714,FALSE
0.8797657680686874,-620.1752405329424,FALSE
0.8810848568556948,-619.8412122821089,FALSE
0.8824059234364418,-619.506312765498,FALSE
0.8837289707763594,-619.1705403945851,FALSE
0.8850540018453265,-618.8338935849895,FALSE
0.8863810196176745,-618.4963707565723,FALSE
0.8877100270721934,-618.1579703335365,FALSE
0.8890410271921411,-617.8186907445261,FALSE
0.8903740229652468,-617.4785304227288,FALSE
0.8917090173837211,-617.1374878059778,FALSE
0.8930460134442593,-616.7955613368567,FALSE
0.8943850141480516,-616.4527494628046,FALSE
0.8957260225007863,-616.1090506362217,FALSE
0.8970690415126594,-615.7644633145785,FALSE
0.8984140741983808,-615.4189859605237,FALSE
0.8997611235771789,-615.0726170419954,FALSE
0.9011101926728106,-614.7253550323317,FALSE
0.9024612845135651,-614.3771984103857,FALSE
0.9038144021322737,-614.0281456606378,FALSE
0.9051695485663135,-613.6781952733124,FALSE
0.9065267268576168,-613.3273457444948,FALSE
0.9078859400526761,-612.9755955762506,FALSE
0.9092471912025523,-612.6229432767433,FALSE
0.9106104833628809,-612.269387360358,FALSE
0.9119758195938782,-611.9149263478232,FALSE
0.9133432029603501,-611.5595587663346,FALSE
0.9147126365316963,-611.2032831496816,FALSE
0.9160841233819201,-610.8460980383737,FALSE
0.9174576665896325,-610.4880019797699,FALSE
0.9188332692380613,-610.1289935282076,FALSE
0.9202109344150576,-609.7690712451358,FALSE
0.9215906652131007,-609.4082336992473,FALSE
0.9229724647293087,-609.0464794666135,FALSE
0.9243563360654414,-608.6838071308217,FALSE
0.925742282327911,-608.3202152831124,FALSE
0.9271303066277858,-607.9557025225181,FALSE
0.9285204120808004,-607.5902674560062,FALSE
0.929912601807359,-607.223908698621,FALSE
0.9313068789325463,-606.8566248736273,FALSE
0.932703246586132,-606.4884146126587,FALSE
0.9341017079025776,-606.1192765558638,FALSE
0.9355022660210459,-605.7492093520564,FALSE
0.9369049240854047,-605.3782116588671,FALSE
0.9383096852442373,-605.006282142896,FALSE
0.9397165526508462,-604.6334194798684,FALSE
0.9411255294632636,-604.25962235479,FALSE
0.9425366188442549,-603.8848894621075,FALSE
0.943949823961329,-603.5092195058672,FALSE
0.9453651479867441,-603.1326111998779,FALSE
0.9467825940975133,-602.7550632678755,FALSE
0.9482021654754151,-602.3765744436877,FALSE
0.949623865306997,-601.997143471403,FALSE
0.9510476967835857,-601.6167691055409,FALSE
0.9524736631012914,-601.2354501112219,FALSE
0.9539017674610181,-600.8531852643429,FALSE
0.9553320130684672,-600.4699733517526,FALSE
0.9567644031341481,-600.0858131714285,FALSE
0.9581989408733841,-599.700703532658,FALSE
0.9596356295063178,-599.3146432562193,FALSE
0.9610744722579218,-598.9276311745654,FALSE
0.9625154723580023,-598.5396661320108,FALSE
0.9639586330412102,-598.1507469849192,FALSE
0.9654039575470443,-597.760872601894,FALSE
0.9668514491198623,-597.3700418639706,FALSE
0.9683011110088849,-596.9782536648114,FALSE
0.9697529464682056,-596.5855069109026,FALSE
0.9712069587567971,-596.191800521753,FALSE
0.972663151138517,-595.7971334300961,FALSE
0.9741215268821186,-595.4015045820933,FALSE
0.9755820892612546,-595.0049129375401,FALSE
0.9770448415544873,-594.6073574700742,FALSE
0.9785097870452936,-594.2088371673865,FALSE
0.9799769290220748,-593.8093510314344,FALSE
0.9814462707781615,-593.4088980786564,FALSE
0.9829178156118229,-593.007477340191,FALSE
0.984391566826274,-592.6050878620964,FALSE
0.985867527729681,-592.2017287055735,FALSE
0.9873457016351719,-591.7973989471915,FALSE
0.9888260918608407,-591.3920976791156,FALSE
0.990308701729758,-590.9858240093378,FALSE
0.9917935345699755,-590.5785770619087,FALSE
0.9932805937145364,-590.1703559771753,FALSE
0.9947698825014792,-589.7611599120166,FALSE
0.9962614042738492,-589.3509880400874,FALSE
0.9977551623797042,-588.9398395520589,FALSE
0.99925116017212,-588.5277136558681,FALSE
1.0007494010092022,-588.114609576964,FALSE
1.0022498882540896,-587.7005265585617,FALSE
1.0037526252749651,-587.2854638618959,FALSE
1.00525761544506,-586.8694207664785,FALSE
1.0067648621426655,-586.4523965703592,FALSE
1.0082743687511355,-586.0343905903884,FALSE
1.0097861386588989,-585.6154021624834,FALSE
1.0113001752594646,-585.1954306418976,FALSE
1.0128164819514285,-584.7744754034925,FALSE
1.0143350621384841,-584.3525358420122,FALSE
1.015855919229426,-583.9296113723626,FALSE
1.0173790566381622,-583.5057014298909,FALSE
1.0189044777837175,-583.0808054706713,FALSE
1.0204321860902439,-582.654922971791,FALSE
1.021962184987028,-582.2280534316423,FALSE
1.0234944779084965,-581.8001963702137,FALSE
1.0250290682942274,-581.3713513293897,FALSE
1.0265659595889545,-580.9415178732477,FALSE
1.0281051552425775,-580.5106955883646,FALSE
1.0296466587101676,-580.0788840841205,FALSE
1.031190473451978,-579.6460829930107,FALSE
1.0327366029334482,-579.2122919709578,FALSE
1.0342850506252153,-578.777510697629,FALSE
1.0358358200031197,-578.3417388767552,FALSE
1.0373889145482122,-577.9049762364572,FALSE
1.038944337746765,-577.4672225295691,FALSE
1.0405020930902755,-577.0284775339719,FALSE
1.0420621840754778,-576.5887410529256,FALSE
1.043624614204347,-576.1480129154088,FALSE
1.0451893869841113,-575.7062929764581,FALSE
1.0467565059272552,-575.2635811175147,FALSE
1.048325974551531,-574.8198772467717,FALSE
1.0498977963799656,-574.375181299528,FALSE
1.0514719749408667,-573.9294932385428,FALSE
1.0530485137678345,-573.4828130543967,FALSE
1.054627416399765,-573.0351407658557,FALSE
1.0562086863808622,-572.5864764202366,FALSE
1.0577923272606424,-572.1368200937819,FALSE
1.0593783425939458,-571.6861718920318,FALSE
1.0609667359409405,-571.2345319502064,FALSE
1.0625575108671346,-570.781900433587,FALSE
1.0641506709433814,-570.3282775379039,FALSE
1.0657462197458876,-569.8736634897296,FALSE
1.0673441608562229,-569.418058546871,FALSE
1.068944497861326,-568.9614629987727,FALSE
1.0705472343535152,-568.5038771669177,FALSE
1.0721523739304932,-568.0453014052379,FALSE
1.0737599201953587,-567.5857361005242,FALSE
1.0753698767566113,-567.1251816728449,FALSE
1.0769822472281623,-566.6636385759647,FALSE
1.078597035229341,-566.2011072977718,FALSE
1.0802142443849025,-565.7375883607061,FALSE
1.081833878325039,-565.2730823221931,FALSE
1.083455940685383,-564.8075897750833,FALSE
1.0850804351070202,-564.3411113480943,FALSE
1.0867073652364942,-563.8736477062582,FALSE
1.0883367347258175,-563.4051995513734,FALSE
1.0899685472324765,-562.9357676224627,FALSE
1.0916028064194434,-562.4653526962315,FALSE
1.0932395159551815,-561.9939555875368,FALSE
1.0948786795136543,-561.5215771498557,FALSE
1.0965203007743345,-561.0482182757612,FALSE
1.098164383422211,-560.573879897402,FALSE
1.0998109311477988,-560.098562986988,FALSE
1.101459947647145,-559.6222685572792,FALSE
1.10311143662184,-559.1449976620812,FALSE
1.1047654017790223,-558.6667513967429,FALSE
1.1064218468313907,-558.1875308986632,FALSE
1.10808077549721,-557.707337347798,FALSE
1.109742191500319,-557.2261719671767,FALSE
1.1114060985701417,-556.7440360234198,FALSE
1.113072500441692,-556.2609308272654,FALSE
1.1147414008555856,-555.7768577340969,FALSE
1.1164128035580454,-555.2918181444787,FALSE
1.1180867123009124,-554.8058135046969,FALSE
1.1197631308416516,-554.3188453073026,FALSE
1.1214420629433632,-553.830915091664,FALSE
1.1231235123747896,-553.3420244445217,FALSE
1.1248074829103223,-552.8521750005497,FALSE
1.126493978330014,-552.3613684429213,FALSE
1.1281830024195834,-551.8696065038824,FALSE
1.1298745589704269,-551.3768909653265,FALSE
1.1315686517796237,-550.8832236593801,FALSE
1.1332652846499487,-550.388606468988,FALSE
1.134964461389876,-549.8930413285094,FALSE
1.1366661858135914,-549.3965302243156,FALSE
1.138370461741,-548.8990751953954,FALSE
1.1400772929977325,-548.4006783339657,FALSE
1.1417866834151578,-547.9013417860873,FALSE
1.1434986368303874,-547.4010677522863,FALSE
1.145213157086288,-546.899858488182,FALSE
1.1469302480314858,-546.3977163051198,FALSE
1.1486499135203798,-545.8946435708109,FALSE
1.1503721574131471,-545.390642709975,FALSE
1.1520969835757522,-544.8857162049934,FALSE
1.1538243958799572,-544.3798665965622,FALSE
1.1555543982033278,-543.8730964843584,FALSE
1.1572869944292459,-543.3654085277034,FALSE
1.159022188446913,-542.8568054462413,FALSE
1.1607599841513647,-542.3472900206153,FALSE
1.1625003854434748,-541.8368650931558,FALSE
1.1642433962299668,-541.3255335685709,FALSE
1.1659890204234225,-540.8132984146448,FALSE
1.1677372619422879,-540.3001626629418,FALSE
1.1694881247108868,-539.7861294095151,FALSE
1.1712416126594245,-539.2712018156243,FALSE
1.1729977297240013,-538.7553831084547,FALSE
1.1747564798466172,-538.2386765818492,FALSE
1.1765178669751846,-537.721085597039,FALSE
1.1782818950635332,-537.2026135833852,FALSE
1.1800485680714228,-536.6832640391251,FALSE
1.1818178899645497,-536.1630405321243,FALSE
1.1835898647145553,-535.641946700637,FALSE
1.1853644962990375,-535.1199862540678,FALSE
1.1871417887015565,-534.597162973746,FALSE
1.1889217459116468,-534.0734807136995,FALSE
1.1907043719248231,-533.548943401441,FALSE
1.1924896707425927,-533.0235550387553,FALSE
1.1942776463724605,-532.497319702497,FALSE
1.1960683028279415,-531.97024154539,FALSE
1.197861644128569,-531.4423247968375,FALSE
1.1996576742999006,-530.9135737637362,FALSE
1.2014563973735328,-530.3839928312943,FALSE
1.2032578173871038,-529.8535864638619,FALSE
1.2050619383843086,-529.3223592057602,FALSE
1.2068687644149028,-528.7903156821233,FALSE
1.2086782995347158,-528.2574605997402,FALSE
1.2104905478056567,-527.7237987479097,FALSE
1.212305513295726,-527.189334999294,FALSE
1.2141232000790234,-526.6540743107853,FALSE
1.2159436122357565,-526.1180217243729,FALSE
1.2177667538522516,-525.5811823680206,FALSE
1.2195926290209607,-525.0435614565472,FALSE
1.2214212418404735,-524.5051642925143,FALSE
1.2232525964155228,-523.9659962671208,FALSE
1.2250866968569984,-523.4260628611013,FALSE
1.2269235472819513,-522.8853696456331,FALSE
1.2287631518136073,-522.3439222832459,FALSE
1.2306055145813741,-521.8017265287405,FALSE
1.23245063972085,-521.2587882301116,FALSE
1.2342985313738353,-520.7151133294764,FALSE
1.2361491936883386,-520.1707078640102,FALSE
1.2380026308185905,-519.625577966885,FALSE
1.2398588469250473,-519.0797298682178,FALSE
1.241717846174406,-518.5331698960193,FALSE
1.2435796327396087,-517.9859044771548,FALSE
1.2454442107998562,-517.437940138303,FALSE
1.2473115845406149,-516.8892835069266,FALSE
1.2491817581536253,-516.3399413122444,FALSE
1.2510547358369153,-515.7899203862104,FALSE
1.2529305217948046,-515.2392276644979,FALSE
1.254809120237919,-514.6878701874873,FALSE
1.2566905353831959,-514.1358551012615,FALSE
1.2585747714538966,-513.5831896586042,FALSE
1.260461832679613,-513.0298812200041,FALSE
1.2623517232962809,-512.4759372546624,FALSE
1.264244447546186,-511.92136534150825,FALSE
1.2661400096779742,-511.36617317021484,FALSE
1.2680384139466632,-510.8103685422228,FALSE
1.269939664613649,-510.25395937176637,FALSE
1.271843765946718,-509.6969536869054,FALSE
1.2737507222200548,-509.1393596305599,FALSE
1.2756605377142534,-508.58118546154975,FALSE
1.2775732167163258,-508.02243955563733,FALSE
1.2794887635197107,-507.463130406576,FALSE
1.2814071824242863,-506.90326662715876,FALSE
1.2833284777363752,-506.34285695027484,FALSE
1.2852526537687592,-505.7819102299647,FALSE
1.2871797148406847,-505.22043544248345,FALSE
1.2891096652778762,-504.65844168736254,FALSE
1.2910425094125415,-504.0959381884786,FALSE
1.2929782515833859,-503.5329342951216,FALSE
1.2949168961356203,-502.96943948306705,FALSE
1.2968584474209681,-502.40546335565233,FALSE
1.298802909797681,-501.84101564485115,FALSE
1.3007502876305417,-501.2761062123548,FALSE
1.3027005852908804,-500.7107450506511,FALSE
1.3046538071565794,-500.14494228410757,FALSE
1.3066099576120866,-499.5787081700553,FALSE
1.308569041048422,-499.01205309987495,FALSE
1.3105310618631911,-498.4449876000815,FALSE
1.3124960244605925,-497.8775223334116,FALSE
1.314463933251427,-497.30966809991247,FALSE
1.3164347926531113,-496.7414358380284,FALSE
1.3184086070896823,-496.1728366256897,FALSE
1.3203853809918136,-495.6038816814003,FALSE
1.3223651187968184,-495.0345823653257,FALSE
1.3243478249486664,-494.4649501803789,FALSE
1.3263335038979878,-493.8949967733085,FALSE
1.3283221601020871,-493.32473393578096,FALSE
1.3303137980249526,-492.75417360546584,FALSE
1.332308422137264,-492.1833278671175,FALSE
1.3343060369164061,-491.612208953653,FALSE
1.3363066468464748,-491.04082924723104,FALSE
1.3383102564182916,-490.4692012803249,FALSE
1.3403168701294088,-489.89733773679643,FALSE
1.3423264924841252,-489.32525145296074,FALSE
1.3443391279934902,-488.7529554186548,FALSE
1.3463547811753187,-488.1804627782939,FALSE
1.3483734565541998,-487.607786831931,FALSE
1.3503951586615046,-487.0349410363073,FALSE
1.3524198920354007,-486.4619390058976,FALSE
1.3544476612208576,-485.88879451395246,FALSE
1.3564784707696622,-485.31552149353314,FALSE
1.3585123252404234,-484.74213403853975,FALSE
1.3605492291985877,-484.16864640473455,FALSE
1.3625891872164442,-483.59507301075587,FALSE
1.3646322038731395,-483.02142843912713,FALSE
1.3666782837546863,-482.4477274372553,FALSE
1.3687274314539708,-481.8739849184237,FALSE
1.3707796515707689,-481.3002159627729,FALSE
1.3728349487117502,-480.7264358182766,FALSE
1.3748933274904942,-480.15265990170246,FALSE
1.3769547925274954,-479.57890379956825,FALSE
1.379019348450178,-479.00518326908235,FALSE
1.3810869998929025,-478.43151423907767,FALSE
1.3831577514969795,-477.8579128109299,FALSE
1.3852316079106792,-477.2843952594657,FALSE
1.3873085737892383,-476.7109780338586,FALSE
1.3893886537948772,-476.13767775850965,FALSE
1.391471852596803,-475.56451123391696,FALSE
1.3935581748712271,-474.99149543752736,FALSE
1.3956476253013688,-474.418647524578,FALSE
1.3977402085774724,-473.84598482891704,FALSE
1.3998359293968121,-473.27352486381255,FALSE
1.4019347924637067,-472.701285322743,FALSE
1.404036802489528,-472.12928408016967,FALSE
1.406141964192711,-471.55753919229426,FALSE
1.4082502822987675,-470.986068897794,FALSE
1.4103617615402912,-470.41489161854076,FALSE
1.4124764066569753,-469.8440259602989,FALSE
1.4145942223956165,-469.27349071340365,FALSE
1.4167152135101309,-468.7033048534167,FALSE
1.4188393847615617,-468.1334875417633,FALSE
1.4209667409180897,-467.56405812634347,FALSE
1.4230972867550467,-466.99503614212153,FALSE
1.4252310270549222,-466.4264413116933,FALSE
1.4273679666073793,-465.85829354582563,FALSE
1.4295081102092593,-465.29061294397417,FALSE
1.4316514626645989,-464.72341979477244,FALSE
1.4337980287846348,-464.15673457649655,FALSE
1.4359478133878196,-463.5905779574994,FALSE
1.4381008212998305,-463.0249707966205,FALSE
1.440257057353578,-462.4599341435642,FALSE
1.4424165263892221,-461.89548923924906,FALSE
1.4445792332541767,-461.33165751612654,FALSE
1.4467451828031266,-460.7684605984688,FALSE
1.4489143798980326,-460.2059203026248,FALSE
1.451086829408149,-459.6440586372409,FALSE
1.4532625362100269,-459.0828978034528,FALSE
1.4554415051875318,-458.52246019503775,FALSE
1.457623741231852,-457.9627683985347,FALSE
1.4598092492415073,-457.4038451933269,FALSE
1.4619980341223648,-456.8457135516882,FALSE
1.4641901007876446,-456.2883966387918,FALSE
1.4663854541579362,-455.73191781267843,FALSE
1.4685840991612042,-455.1763006241879,FALSE
1.4707860407328046,-454.621568816847,FALSE
1.4729912838154908,-454.06774632671977,FALSE
1.4751998333594292,-453.51485728221166,FALSE
1.477411694322208,-452.96292600383384,FALSE
1.4796268716688468,-452.41197700392274,FALSE
1.4818453703718122,-451.8620349863131,FALSE
1.4840671954110236,-451.31312484596833,FALSE
1.4862923517738704,-450.7652716685611,FALSE
1.4885208444552163,-450.21850073000974,FALSE
1.4907526784574174,-449.6728374959623,FALSE
1.4929878587903271,-449.1283076212366,FALSE
1.4952263904713128,-448.5849369492041,FALSE
1.4974682785252644,-448.04275151112745,FALSE
1.4997135279846043,-447.50177752544465,FALSE
1.5019621438893027,-446.9620413969984,FALSE
1.5042141312868837,-446.423569716215,FALSE
1.5064694952324427,-445.88638925822585,FALSE
1.5087282407886515,-445.35052698193476,FALSE
1.5109903730257754,-444.81601002902823,FALSE
1.5132558970216794,-444.2828657229295,FALSE
1.5155248178618435,-443.75112156769234,FALSE
1.5177971406393733,-443.2208052468371,FALSE
1.5200728704550088,-442.69194462212806,FALSE
1.52235201241714,-442.16456773228583,FALSE
1.524634571641814,-441.6387027916433,FALSE
1.5269205532527512,-441.11437818873384,FALSE
1.5292099623813518,-440.5916224848207,FALSE
1.5315028041667125,-440.0704644123585,FALSE
1.5337990837556326,-439.5509328733924,FALSE
1.5360988063026302,-439.03305693788917,FALSE
1.5384019769699522,-438.5168658420023,FALSE
1.5407086009275834,-438.00238898627117,FALSE
1.5430186833532629,-437.4896559337493,FALSE
1.5453322294324907,-436.9786964080653,FALSE
1.5476492443585443,-436.4695402914131,FALSE
1.5499697333324849,-435.9622176224733,FALSE
1.552293701563175,-435.45675859426,FALSE
1.5546211542672843,-434.9531935518996,FALSE
1.556952096669306,-434.45155299033433,FALSE
1.5592865340015667,-433.9518675519518,FALSE
1.5616244715042369,-433.4541680241454,FALSE
1.5639659144253455,-432.95848533679253,FALSE
1.5663108680207884,-432.46485055966536,FALSE
1.568659337554344,-431.97329489976,FALSE
1.5710113282976812,-431.48384969855243,FALSE
1.573366845530374,-430.9965464291771,FALSE
1.575725894539913,-430.51141669352785,FALSE
1.578088480621715,-430.02849221928074,FALSE
1.5804546090791383,-429.54780485683915,FALSE
1.582824285223491,-429.0693865761997,FALSE
1.5851975143740469,-428.5932694637409,FALSE
1.5875743018580533,-428.1194857189294,FALSE
1.5899546530107467,-427.64806765094824,FALSE
1.5923385731753614,-427.1790476752464,FALSE
1.5947260677031445,-426.71245831000516,FALSE
1.597117141953367,-426.2483321725259,FALSE
1.599511801293333,-425.78670197553754,FALSE
1.6019100510983968,-425.3276005234211,FALSE
1.60431189675197,-424.87106070835677,FALSE
1.6067173436455386,-424.4171155063861,FALSE
1.6091263971786691,-423.96579797339655,FALSE
1.6115390627590271,-423.5171412410227,FALSE
1.6139553458023834,-423.071178512469,FALSE
1.6163752517326315,-422.6279430582484,FALSE
1.6187987859817965,-422.1874682118443,FALSE
1.6212259539900464,-421.74978736528936,FALSE
1.623656761205709,-421.3149339646642,FALSE
1.6260912130852778,-420.88294150551866,FALSE
1.6285293150934308,-420.4538435282105,FALSE
1.6309710727030369,-420.02767361316694,FALSE
1.633416491395173,-419.6044653760667,FALSE
1.6358655766591315,-419.1842524629451,FALSE
1.6383183339924379,-418.7670685452192,FALSE
1.64077476890086,-418.352947314638,FALSE
1.6432348868984186,-417.94192247815687,FALSE
1.6456986935074052,-417.53402775273264,FALSE
1.6481661942583878,-417.1292968600492,FALSE
1.6506373946902302,-416.7277635211638,FALSE
1.6531123003500978,-416.3294614510842,FALSE
1.6555909167934761,-415.93442435327137,FALSE
1.6580732495841775,-415.5426859140725,FALSE
1.6605593042943587,-415.15427979708176,FALSE
1.6630490865045313,-414.76923963743474,FALSE
1.6655426018035713,-414.38759903603346,FALSE
1.668039855788738,-414.00939155370446,FALSE
1.67054085406568,-413.6346507052924,FALSE
1.6730456022484537,-413.2634099536904,FALSE
1.6755541059595296,-412.8957027038056,FALSE
1.678066370829812,-412.5315622964665,FALSE
1.6805824024986449,-412.17102200226867,FALSE
1.6831022066138293,-411.81411501536314,FALSE
1.685625788831635,-411.4608744471899,FALSE
1.68815315481681,-411.11133332015515,FALSE
1.6906843102425992,-410.76552456125654,FALSE
1.6932192607907504,-410.4234809956584,FALSE
1.6957580121515334,-410.085235340216,FALSE
1.6983005700237468,-409.7508201969561,FALSE
1.7008469401147372,-409.42026804650914,FALSE
1.703397128140405,-409.0936112415012,FALSE
1.7059511398252232,-408.770881999904,FALSE
1.7085089809022482,-408.45211239834657,FALSE
1.71107065711313,-408.137334365392,FALSE
1.7136361742081299,-407.8265796747784,FALSE
1.7162055379461285,-407.51987993863025,FALSE
1.7187787540946438,-407.2172666006396,FALSE
1.7213558284298387,-406.91877092922135,FALSE
1.723936766736539,-406.62442401064396,FALSE
1.726521574808242,-406.33425674214016,FALSE
1.7291102584471332,-406.0482998249976,FALSE
1.7317028234640977,-405.76658375763395,FALSE
1.734299275678731,-405.4891388286596,FALSE
1.7368996209193575,-405.2159951099285,FALSE
1.739503865023037,-404.94718244958267,FALSE
1.7421120138355848,-404.68273046509194,FALSE
1.7447240732115776,-404.42266853629144,FALSE
1.747340049014373,-404.16702579842064,FALSE
1.7499599471161191,-403.9158311351665,FALSE
1.7525837733977672,-403.6691131717153,FALSE
1.7552115337490886,-403.42690026781213,FALSE
1.757843234068683,-403.18922051083734,FALSE
1.7604788802639966,-402.9561017088973,FALSE
1.7631184782513307,-402.72757138393604,FALSE
1.76576203395586,-402.5036567648704,FALSE
1.76840955331164,-402.2843847807504,FALSE
1.771061042261626,-402.06978205395103,FALSE
1.773716506757684,-401.8598748933954,FALSE
1.7763759527606016,-401.6546892878158,FALSE
1.7790393862401068,-401.45425089905245,FALSE
1.7817068131748754,-401.25858505539725,FALSE
1.7843782395525505,-401.0677167449828,FALSE
1.7870536713697498,-400.88167060922075,FALSE
1.7897331146320852,-400.70047093629415,FALSE
1.7924165753541699,-400.5241416547059,FALSE
1.7951040595596377,-400.3527063268869,FALSE
1.797795573281154,-400.1861881428677,FALSE
1.800491122560427,-400.02460991401546,FALSE
1.8031907134482268,-399.86799406684315,FALSE
1.8058943520043929,-399.7163626368899,FALSE
1.808602044297853,-399.5697372626784,FALSE
1.811313796406632,-399.42813917975354,TRUE
1.8140296144178711,-399.2915892148024,TRUE
1.8167495044278346,-399.1601077798615,TRUE
1.8194734725419301,-399.0337148666141,TRUE
1.8222015248747199,-398.91243004078035,TRUE
1.8249336675499304,-398.7962724366027,TRUE
1.8276699067004747,-398.6852607514315,TRUE
1.8304102484684566,-398.5794132404133,TRUE
1.8331546990051935,-398.478747711283,TRUE
1.835903264471222,-398.3832815192663,TRUE
1.838655951036319,-398.29303156209244,TRUE
1.8414127648795091,-398.2080142751226,TRUE
1.8441737121890833,-398.1282456265935,TRUE
1.8469387991626118,-398.0537411129834,TRUE
1.8497080320069548,-397.98451575449997,TRUE
1.8524814169382813,-397.9205840906935,TRUE
1.855258960182078,-397.86196017619864,TRUE
1.858040667973169,-397.8086575766077,TRUE
1.8608265465557234,-397.7606893644759,TRUE
1.8636166021832758,-397.71806811546355,TRUE
1.866410841118734,-397.68080590461574,TRUE
1.8692092696343983,-397.6489143027834,TRUE
1.8720118940119739,-397.62240437318536,TRUE
1.8748187205425815,-397.60128666811704,TRUE
1.8776297555267785,-397.58557122580476,TRUE
1.8804450052745652,-397.5752675674091,TRUE
1.8832644761054065,-397.57038469417984,TRUE
1.8860881743482394,-397.57093108476124,TRUE
1.8889161063414928,-397.57691469265416,TRUE
1.8917482784330968,-397.5883429438322,TRUE
1.8945846969805014,-397.60522273451505,TRUE
1.8974253683506885,-397.62756042910144,TRUE
1.9002702989201845,-397.6553618582619,TRUE
1.9031194950750796,-397.6886323171913,TRUE
1.9059729632110354,-397.7273765640264,TRUE
1.9088307097333066,-397.77159881842385,TRUE
1.9116927410567486,-397.82130276030443,TRUE
1.9145590636058378,-397.87649152876116,TRUE
1.9174296838146803,-397.9371677211343,TRUE
1.9203046081270316,-398.0033333922511,TRUE
1.9231838429963086,-398.0749900538336,TRUE
1.9260673948856022,-398.1521386740732,TRUE
1.9289552702676964,-398.23477967737296,TRUE
1.9318474756250779,-398.3229129442564,TRUE
1.934744017449955,-398.4165378114459,TRUE
1.9376449022442686,-398.51565307210666,TRUE
1.940550136519709,-398.62025697625967,TRUE
1.9434597267977314,-398.73034723136146,TRUE
1.9463736796095656,-398.8459210030493,TRUE
1.949292001496238,-398.96697491605534,TRUE
1.952214699008579,-399.0935050552844,TRUE
1.9551417787072434,-399.22550696705747,TRUE
1.9580732471627211,-399.362975660519,TRUE
1.9610091109553556,-399.50590560920944,FALSE
1.9639493766753542,-399.65429075279684,FALSE
1.9668940509228072,-399.8081244989727,FALSE
1.9698431403077012,-399.9673997255062,FALSE
1.972796651449931,-400.1321087824578,FALSE
1.9757545909793206,-400.3022434945495,FALSE
1.9787169655356307,-400.47779516369195,FALSE
1.9816837817685808,-400.6587545716647,FALSE
1.9846550463378578,-400.8451119829488,FALSE
1.9876307659131371,-401.03685714771217,FALSE
1.990610947174091,-401.23397930494093,FALSE
1.9935955968104093,-401.4364671857203,FALSE
1.9965847215218124,-401.64430901665787,FALSE
1.9995783280180635,-401.85749252345124,FALSE
2.002576423018989,-402.0760049345962,FALSE
2.0055790132544886,-402.29983298523234,FALSE
2.0085861054645546,-402.52896292112473,FALSE
2.0115977063992823,-402.76338050277866,FALSE
2.0146138228188915,-403.003071009687,FALSE
2.0176344614937336,-403.24801924470347,FALSE
2.0206596292043146,-403.4982095385427,FALSE
2.023689332741307,-403.75362575440477,FALSE
2.0267235789055627,-404.01425129271604,FALSE
2.0297623745081323,-404.2800690959921,FALSE
2.032805726370277,-404.5510616538115,FALSE
2.035853641323489,-404.8272110079031,FALSE
2.038906126209498,-405.1084987573404,FALSE
2.0419631878802975,-405.3949060638437,FALSE
2.0450248331981506,-405.6864136571819,FALSE
2.048091069035611,-405.9830018406764,FALSE
2.0511619022755387,-406.2846504967991,FALSE
2.054237339811109,-406.5913390928639,FALSE
2.0573173885458376,-406.90304668680943,FALSE
2.060402055393587,-407.2197519330659,FALSE
2.063491347278589,-407.54143308850723,FALSE
2.0665852711354553,-407.8680680184828,FALSE
2.069683833909197,-408.19963420292453,FALSE
2.0727870425552366,-408.5361087425286,FALSE
2.075894904039426,-408.8774683650071,FALSE
2.079007425338062,-409.2236894314053,FALSE
2.0821246134379,-409.5747479424843,FALSE
2.0852464753361732,-409.93061954516025,FALSE
2.0883730180406035,-410.2912795390032,FALSE
2.091504248569423,-410.6567028827875,FALSE
2.094640173951383,-411.02686420109205,FALSE
2.097780801225778,-411.40173779094783,FALSE
2.1009261374424515,-411.7812976285274,FALSE
2.1040761896618223,-412.16551737587474,FALSE
2.1072309649548933,-412.5543703876711,FALSE
2.1103904704032685,-412.9478297180343,FALSE
2.1135547130991714,-413.34586812734784,FALSE
2.116723700145458,-413.74845808911533,FALSE
2.1198974386556353,-414.1555717968407,FALSE
2.1230759357538744,-414.56718117092515,FALSE
2.1262591985750303,-414.98325786558337,FALSE
2.1294472342646533,-415.40377327577255,FALSE
2.1326400499790097,-415.82869854413275,FALSE
2.1358376528850953,-416.25800456793235,FALSE
2.1390400501606495,-416.69166200602,FALSE
2.142247248994177,-417.12964128577886,FALSE
2.1454592565849575,-417.5719126100746,FALSE
2.148676080143069,-418.0184459642051,FALSE
2.1518977268893953,-418.4692111228367,FALSE
2.15512420405565,-418.9241776569347,FALSE
2.158355518884391,-419.383314940678,FALSE
2.161591678629031,-419.8465921583579,FALSE
2.1648326905538617,-420.3139783112599,FALSE
2.168078561934065,-420.7854422245231,FALSE
2.1713293000557328,-421.26095255397576,FALSE
2.1745849122158782,-421.7404777929436,FALSE
2.177845405722459,-422.2239862790315,FALSE
2.181110787894387,-422.7114462008712,FALSE
2.18438106606155,-423.20282560483605,FALSE
2.187656247564826,-423.69809240172134,FALSE
2.190936339756097,-424.1972143733828,FALSE
2.194221349998271,-424.7001591793372,FALSE
2.197511285665294,-425.20689436331986,FALSE
2.2008061541421697,-425.71738735979596,FALSE
2.204105962824973,-426.2316055004258,FALSE
2.2074107191208694,-426.7495160204812,FALSE
2.210720430448129,-427.2710860652111,FALSE
2.2140351042361464,-427.7962826961536,FALSE
2.2173547479254556,-428.32507289739544,FALSE
2.220679368967744,-428.8574235817722,FALSE
2.224008974825875,-429.39330159701404,FALSE
2.227343572973899,-429.93267373182977,FALSE
2.230683170897075,-430.47550672193063,FALSE
2.2340277760918825,-431.0217672559906,FALSE
2.2373773960660444,-431.5714219815443,FALSE
2.2407320383385363,-432.12443751081906,FALSE
2.2440917104396108,-432.68078042649876,FALSE
2.2474564199108102,-433.24041728742236,FALSE
2.250826174304983,-433.8033146342119,FALSE
2.2542009811863046,-434.3694389948302,FALSE
2.257580848130288,-434.9387568900673,FALSE
2.2609657827238103,-435.5112348389565,FALSE
2.2643557925651177,-436.0868393641138,FALSE
2.2677508852638546,-436.6655369970075,FALSE
2.2711510684410707,-437.2472942831481,FALSE
2.2745563497292447,-437.8320777872068,FALSE
2.2779667367723,-438.4198540980558,FALSE
2.281382237225618,-439.01058983372985,FALSE
2.284802858756062,-439.60425164631397,FALSE
2.288228609041986,-440.20080622674936,FALSE
2.2916594957732617,-440.8002203095629,FALSE
2.295095526651287,-441.40246067751536,FALSE
2.2985367093890097,-442.00749416617333,FALSE
2.301983051710939,-442.61528766839655,FALSE
2.3054345613531693,-443.2258081387497,FALSE
2.308891246063393,-443.83902259783093,FALSE
2.3123531136009166,-444.4548981365198,FALSE
2.3158201717366853,-445.07340192014556,FALSE
2.3192924282532914,-445.6945011925737,FALSE
2.3227698909449996,-446.31816328021216,FALSE
2.326252567617758,-446.94435559593404,FALSE
2.329740466089221,-447.5730456429247,FALSE
2.333233594188763,-448.20420101844024,FALSE
2.336731959757498,-448.8377894174925,FALSE
2.3402355706482982,-449.47377863644823,FALSE
2.343744434725807,-450.1121365765502,FALSE
2.347258559866463,-450.7528312473573,FALSE
2.3507779539585107,-451.39583077010417,FALSE
2.3543026249020267,-452.04110338098167,FALSE
2.3578325806089278,-452.6886174343372,FALSE
2.3613678290029982,-453.3383414057971,FALSE
2.3649083780198983,-453.99024389530734,FALSE
2.36845423560719,-454.64429363010066,FALSE
2.3720054097243515,-455.30045946758133,FALSE
2.375561908342793,-455.9587103981335,FALSE
2.3791237394458795,-456.6190155478558,FALSE
2.3826909110289423,-457.2813441812143,FALSE
2.386263431099305,-457.94566570362434,FALSE
2.389841307676293,-458.6119496639537,FALSE
2.3934245487912587,-459.28016575695347,FALSE
2.3970131624875957,-459.95028382561367,FALSE
2.400607156820755,-460.6222738634441,FALSE
2.40420653985827,-461.29610601668656,FALSE
2.407811319679766,-461.97175058645036,FALSE
2.411421504376986,-462.6491780307793,FALSE
2.415037102053803,-463.3283589666468,FALSE
2.4186581208262434,-464.00926417188197,FALSE
2.422284568822498,-464.6918645870254,FALSE
2.4259164541829494,-465.376131317118,FALSE
2.429553785060184,-466.0620356334209,FALSE
2.43319656961901,-466.7495489750683,FALSE
2.436844816036481,-467.43864295065697,FALSE
2.440498532501907,-468.12928933976644,FALSE
2.444157727216881,-468.8214600944191,FALSE
2.4478224083952895,-469.51512734047236,FALSE
2.4514925842633377,-470.21026337895285,FALSE
2.4551682630595613,-470.9068406873241,FALSE
2.4588494530348517,-471.60483192069734,FALSE
2.462536162452472,-472.30420991297984,FALSE
2.46622839958807,-473.00494767796295,FALSE
2.469926172729708,-473.7070184103572,FALSE
2.4736294901778693,-474.4103954867615,FALSE
2.4773383602454877,-475.1150524665845,FALSE
2.4810527912579565,-475.82096309290324,FALSE
2.4847727915531572,-476.5281012932726,FALSE
2.4884983694814666,-477.236441180476,FALSE
2.492229533405786,-477.94595705322666,FALSE
2.495966291701556,-478.65662339681626,FALSE
2.4997086527567713,-479.3684148837092,FALSE
2.503456624972008,-480.08130637409226,FALSE
2.507210216760433,-480.7952729163693,FALSE
2.510969436547832,-481.510289747611,FALSE
2.5147342927726193,-482.226332293956,FALSE
2.5185047938858673,-482.9433761709655,FALSE
2.5222809483513133,-483.6613971839306,FALSE
2.5260627646453893,-484.3803713281383,FALSE
2.5298502512572365,-485.1002747890894,FALSE
2.5336434166887205,-485.82108394267544,FALSE
2.5374422694544596,-486.54277535531435,FALSE
2.541246818081833,-487.26532578404164,FALSE
2.545057071111011,-487.988712176565,FALSE
2.5488730370949644,-488.7129116712752,FALSE
2.552694724599491,-489.4379015972219,FALSE
2.5565221422032285,-490.1636594740489,FALSE
2.560355298497681,-490.8901630118934,FALSE
2.5641942020872337,-491.6173901112499,FALSE
2.568038861589169,-492.345318862796,FALSE
2.5718892856336946,-493.07392754718757,FALSE
2.5757454828639545,-493.8031946348155,FALSE
2.579607461936055,-494.5330987855345,FALSE
2.5834752315190777,-495.2636188483553,FALSE
2.5873488002951053,-495.9947338611087,FALSE
2.591228176959236,-496.7264230500773,FALSE
2.5951133702196056,-497.45866582959735,FALSE
2.599004388797409,-498.1914418016344,FALSE
2.6029012414269124,-498.9247307553262,FALSE
2.606803936855483,-499.6585126665021,FALSE
2.6107124838435993,-500.39276769717287,FALSE
2.614626891164879,-501.1274761949974,FALSE
2.6185471676060903,-501.86261869272096,FALSE
2.6224733219671794,-502.5981759075911,FALSE
2.6264053630612847,-503.33412874074935,FALSE
2.6303432997147596,-504.07045827659914,FALSE
2.6342871407671926,-504.80714578215185,FALSE
2.638236895071423,-505.5441727063501,FALSE
2.6421925714935672,-506.28152067937276,FALSE
2.646154178913031,-507.0191715119144,FALSE
2.650121726222539,-507.7571071944514,FALSE
2.6540952223281433,-508.49530989648224,FALSE
2.6580746761492535,-509.23376196575566,FALSE
2.6620600966186525,-509.97244592747575,FALSE
2.6660514926825143,-510.71134448349255,FALSE
2.6700488733004293,-511.45044051147573,FALSE
2.6740522474454176,-512.1897170640706,FALSE
2.678061624103959,-512.9291573680415,FALSE
2.6820770122760007,-513.6687448233964,FALSE
2.6860984209749903,-514.4084630025017,FALSE
2.690125859227884,-515.1482956491787,FALSE
2.694159336075177,-515.8882266777902,FALSE
2.6981988605709195,-516.6282401723128,FALSE
2.702244441782733,-517.3683203853966,FALSE
2.7062960887918392,-518.1084517374153,FALSE
2.7103538106930722,-518.848618815502,FALSE
2.714417616594906,-519.5888063725779,FALSE
2.7184875156194677,-520.3289993263672,FALSE
2.7225635169025666,-521.0691827584059,FALSE
2.7266456295937043,-521.8093419130365,FALSE
2.7307338628561046,-522.5494621964009,FALSE
2.73482822586673,-523.2895291754176,FALSE
2.738928727816304,-524.0295285767563,FALSE
2.7430353779093237,-524.7694462858008,FALSE
2.747148185364094,-525.5092683456102,FALSE
2.7512671594127394,-526.2489809558688,FALSE
2.7553923093012287,-526.9885704718308,FALSE
2.7595236442893865,-527.7280234032597,FALSE
2.7636611736509287,-528.4673264133639,FALSE
2.767804906673473,-529.2064663177243,FALSE
2.7719548526585642,-529.9454300832189,FALSE
2.7761110209216935,-530.684204826943,FALSE
2.780273420792314,-531.4227778151234,FALSE
2.7844420616138734,-532.161136462033,FALSE
2.7886169527438267,-532.8992683288991,FALSE
2.7927981035536615,-533.6371611228091,FALSE
2.796985523428909,-534.3748026956124,FALSE
2.80117922176918,-535.1121810428251,FALSE
2.805379207988177,-535.8492843025258,FALSE
2.8095854915137166,-536.5861007542541,FALSE
2.8137980817877533,-537.3226188179074,FALSE
2.8180169882663915,-538.0588270526329,FALSE
2.822242220419921,-538.7947141557252,FALSE
2.8264737877328288,-539.5302689615168,FALSE
2.8307116997038246,-540.2654804402723,FALSE
2.834955965845854,-541.0003376970808,FALSE
2.8392065956861305,-541.7348299707493,FALSE
2.8434635987661534,-542.468946632696,FALSE
2.8477269846417257,-543.20267718584455,FALSE
2.8519967628829814,-543.9360112635193,FALSE
2.8562729430743965,-544.6689386283405,FALSE
2.860555534814824,-545.401449171123,FALSE
2.864844547717508,-546.1335329097745,FALSE
2.8691399914101074,-546.8651799881969,FALSE
2.87344187553471,-547.596380675187,FALSE
2.8777502097478678,-548.3271253633447,FALSE
2.8820650037206086,-549.0574045679771,FALSE
2.8863862671384615,-549.7872089260098,FALSE
2.8907140097014787,-550.516529194899,FALSE
2.895048241124251,-551.2453562515452,FALSE
2.8993889711359397,-551.9736810912133,FALSE
2.903736209480294,-552.7014948264531,FALSE
2.9080899659156727,-553.4287886860246,FALSE
2.9124502502150595,-554.155554013824,FALSE
2.9168170721660993,-554.8817822678182,FALSE
2.9211904415711083,-555.6074650189787,FALSE
2.9255703682471017,-556.3325939502223,FALSE
2.9299568620258145,-557.0571608553529,FALSE
2.9343499327537175,-557.7811576380097,FALSE
2.9387495902920513,-558.5045763106201,FALSE
2.9431558445168395,-559.2274089933549,FALSE
2.9475687053189166,-559.9496479130894,FALSE
2.9519881826039396,-560.6712854023684,FALSE
2.9564142862924236,-561.3923138983772,FALSE
2.960847026319758,-562.1127259419161,FALSE
2.965286412636228,-562.8325141763796,FALSE
2.9697324552070397,-563.5516713467425,FALSE
2.9741851640123333,-564.2701902985483,FALSE
2.9786445490472215,-564.9880639769061,FALSE
2.9831106203217996,-565.7052854254897,FALSE
2.987583387861175,-566.4218477855438,FALSE
2.9920628617054787,-567.1377442948947,FALSE
2.996549051909902,-567.8529682869677,FALSE
3.001041968544712,-568.5675131898088,FALSE
3.0055416216952726,-569.2813725251125,FALSE
3.010048021462074,-569.9945399072561,FALSE
3.0145611779607417,-570.7070090423365,FALSE
3.019081101322076,-571.418773727218,FALSE
3.0236078016920644,-572.1298278485823,FALSE
3.02814128923191,-572.8401653819851,FALSE
3.032681574118044,-573.5497803909171,FALSE
3.0372286665421613,-574.2586670258761,FALSE
3.0417825767112374,-574.9668195234384,FALSE
3.0463433148475514,-575.6742322053425,FALSE
3.050910891188711,-576.3808994775733,FALSE
3.0554853159876667,-577.086815829456,FALSE
3.0600665995127496,-577.7919758327566,FALSE
3.064654752047684,-578.4963741407859,FALSE
3.0692497838916166,-579.2000054875109,FALSE
3.0738517053591274,-579.9028646866728,FALSE
3.07846052678027,-580.6049466309123,FALSE
3.0830762585005833,-581.3062462908986,FALSE
3.087698910881119,-582.006758714466,FALSE
3.0923284942984663,-582.7064790257587,FALSE
3.096965019144764,-583.4054024243771,FALSE
3.101608495827741,-584.1035241845368,FALSE
3.1062589347707275,-584.8008396542277,FALSE
3.1109163464126834,-585.4973442543852,FALSE
3.115580741208223,-586.1930334780636,FALSE
3.1202521296276267,-586.8879028896151,FALSE
3.1249305221568826,-587.5819481238818,FALSE
3.129615929297698,-588.2751648853865,FALSE
3.13430836156753,-588.9675489475347,FALSE
3.1390078294995947,-589.6590961518189,FALSE
3.1437143436429116,-590.3498024070343,FALSE
3.1484279145623133,-591.0396636884979,FALSE
3.153148552838473,-591.7286760372723,FALSE
3.1578762690679314,-592.4168355594012,FALSE
3.1626110738631086,-593.1041384251439,FALSE
3.1673529778523446,-593.7905808682247,FALSE
3.172101991679913,-594.4761591850802,FALSE
3.1768581260060493,-595.1608697341204,FALSE
3.1816213915069644,-595.8447089349892,FALSE
3.1863917988748858,-596.5276732678374,FALSE
3.191169358818068,-597.2097592725979,FALSE
3.195954082060823,-597.8909635482692,FALSE
3.200745979343544,-598.5712827522038,FALSE
3.20554506142272,-599.2507135994032,FALSE
3.2103513390709764,-599.9292528618207,FALSE
3.2151648230770875,-600.6068973676681,FALSE
3.219985524246007,-601.2836440007306,FALSE
3.224813453398881,-601.9594896996852,FALSE
3.2296486213730873,-602.6344314574281,FALSE
3.2344910390222523,-603.3084663204081,FALSE
3.2393407172162747,-603.9815913879626,FALSE
3.2441976668413544,-604.6538038116644,FALSE
3.249061898800004,-605.3251007946698,FALSE
3.2539334240110933,-605.995479591078,FALSE
3.2588122534098596,-606.6649375052918,FALSE
3.263698397947939,-607.3334718913873,FALSE
3.268591868593379,-608.0010801524861,FALSE
3.2734926763306813,-608.6677597401394,FALSE
3.2784008321608153,-609.3335081537118,FALSE
3.2833163471012434,-609.998322939773,FALSE
3.2882392321859513,-610.6622016914993,FALSE
3.293169498465459,-611.3251420480716,FALSE
3.2981071570068643,-611.9871416940912,FALSE
3.303052218893856,-612.648198358991,FALSE
3.308004695226744,-613.3083098164589,FALSE
3.3129645971224733,-613.9674738838621,FALSE
3.317931935714665,-614.625688421682,FALSE
3.3229067221536313,-615.282951332951,FALSE
3.3278889676064027,-615.9392605626956,FALSE
3.3328786832567565,-616.5946140973876,FALSE
3.337875880305229,-617.2490099643958,FALSE
3.342880569969159,-617.9024462314487,FALSE
3.3478927634827023,-618.554921006099,FALSE
3.35291247209686,-619.2064324351953,FALSE
3.357939707079496,-619.8569787043571,FALSE
3.362974479715375,-620.5065580374581,FALSE
3.368016801306181,-621.155168696114,FALSE
3.3730666831705416,-621.8028089791724,FALSE
3.3781241366440593,-622.4494772222129,FALSE
3.3831891730793235,-623.0951717970476,FALSE
3.388261803845954,-623.7398911112325,FALSE
3.3933420403306154,-624.3836336075777,FALSE
3.398429893937047,-625.0263977636678,FALSE
3.403525376086079,-625.6681820913834,FALSE
3.4086284982156725,-626.3089851364317,FALSE
3.413739271780937,-626.94880547787875,FALSE
3.4188577082541567,-627.5876417276886,FALSE
3.42398381912482,-628.2254925302669,FALSE
3.4291176158996337,-628.862356562007,FALSE
3.434259110102565,-629.4982325308468,FALSE
3.4394083132748583,-630.133119175825,FALSE
3.4445652369750643,-630.7670152666433,FALSE
3.449729892779056,-631.3999196032349,FALSE
3.454902292280072,-632.0318310153377,FALSE
3.4600824470887286,-632.6627483620697,FALSE
3.465270368833053,-633.2926705315122,FALSE
3.4704660691585087,-633.9215964402955,FALSE
3.4756695597280114,-634.5495250331895,FALSE
3.480880852221972,-635.1764552827004,FALSE
3.486099958338313,-635.8023861886703,FALSE
3.4913268897924983,-636.4273167778813,FALSE
3.4965616583175487,-637.0512461036644,FALSE
3.5018042756640857,-637.6741732455148,FALSE
3.5070547536003476,-638.2960973087074,FALSE
3.512313103912216,-638.91701742392,FALSE
3.5175793384032477,-639.5369327468611,FALSE
3.5228534688946884,-640.1558424578972,FALSE
3.528135507225516,-640.7737457616919,FALSE
3.533425465252458,-641.3906418868428,FALSE
3.538723354850022,-642.0065300855258,FALSE
3.544029187910509,-642.6214096331416,FALSE
3.5493429763440623,-643.2352798279693,FALSE
3.554664732078679,-643.8481399908204,FALSE
3.55999446706024,-644.4599894646996,FALSE
3.5653321932525412,-645.0708276144688,FALSE
3.570677922637307,-645.6806538265139,FALSE
3.5760316672142363,-646.2894675084174,FALSE
3.5813934390010163,-646.8972680886344,FALSE
3.5867632500333566,-647.5040550161721,FALSE
3.5921411123650038,-648.1098277602716,FALSE
3.5975270380677857,-648.7145858100972,FALSE
3.602921039231628,-649.3183286744269,FALSE
3.6083231279645833,-649.9210558813465,FALSE
3.613733316392861,-650.5227669779491,FALSE
3.619151616660844,-651.1234615300355,FALSE
3.624578040931133,-651.7231391218229,FALSE
3.63001260138456,-652.3217993556514,FALSE
3.635455310220227,-652.9194418516996,FALSE
3.6409061796555147,-653.5160662476985,FALSE
3.6463652219261324,-654.1116721986544,FALSE
3.6518324492861325,-654.7062593765713,FALSE
3.6573078740079397,-655.2998274701772,FALSE
3.6627915083823837,-655.8923761846564,FALSE
3.668283364718712,-656.4839052413815,FALSE
3.673783455344639,-657.0744143776525,FALSE
3.679291792606359,-657.6639033464369,FALSE
3.6848083888685808,-658.2523719161132,FALSE
3.6903332565145424,-658.839819870218,FALSE
3.6958664079460593,-659.4262470071978,FALSE
3.701407855583538,-660.0116531401618,FALSE
3.7069576118660077,-660.5960380966392,FALSE
3.7125156892511524,-661.1794017183391,FALSE
3.718082100215324,-661.7617438609132,FALSE
3.7236568572535904,-662.3430643937239,FALSE
3.729239972879752,-662.923363199612,FALSE
3.7348314596263745,-663.5026401746704,FALSE
3.740431330044805,-664.0808952280186,FALSE
3.746039596705219,-664.6581282815821,FALSE
3.7516562721966364,-665.2343392698735,FALSE
3.757281369126953,-665.8095281397772,FALSE
3.7629149001229703,-666.3836948503363,FALSE
3.7685568778304135,-666.9568393725432,FALSE
3.7742073149139777,-667.5289616891326,FALSE
3.7798662240573435,-668.1000617943778,FALSE
3.7855336179632126,-668.6701396938889,FALSE
3.791209509353323,-669.2391954044141,FALSE
3.796893910968496,-669.8072289536451,FALSE
3.802586835568654,-670.374240380023,FALSE
3.808288295932851,-670.9402297325491,FALSE
3.813998304859303,-671.5051970705956,FALSE
3.819716875165408,-672.0691424637223,FALSE
3.8254440196877897,-672.632065991493,FALSE
3.831179751282316,-673.1939677432974,FALSE
3.8369240828241313,-673.7548478181717,FALSE
3.8426770272076864,-674.3147063246262,FALSE
3.8484385973467568,-674.8735433804711,FALSE
3.854208806174489,-675.4313591126482,FALSE
3.8599876666434185,-675.9881536570641,FALSE
3.8657751917255054,-676.5439271584248,FALSE
3.8715713944121486,-677.0986797700726,FALSE
3.877376287714236,-677.6524116538279,FALSE
3.88318988466216,-678.2051229798317,FALSE
3.8890121983058505,-678.7568139263884,FALSE
3.894843241714808,-679.307484679816,FALSE
3.9006830279781175,-679.8571354342924,FALSE
3.9065315702045007,-680.40576639171,FALSE
3.9123888815223293,-680.9533777615284,FALSE
3.9182549750796642,-681.4999697606312,FALSE
3.924129864044269,-682.0455426131832,FALSE
3.9300135616036598,-682.5900965504937,FALSE
3.935906080965124,-683.13363181087675,FALSE
3.941807435355751,-683.6761486395179,FALSE
3.9477176380224646,-684.217647288341,FALSE
3.9536367022320422,-684.7581280158763,FALSE
3.9595646412711614,-685.2975910871342,FALSE
3.965501468446419,-685.836036773476,FALSE
3.971447197084367,-686.3734653524922,FALSE
3.977401840531527,-686.9098771078767,FALSE
3.983365412154443,-687.4452723293097,FALSE
3.9893379253396977,-687.9796513123364,FALSE
3.995319393493944,-688.5130143582526,FALSE
4.00130983004394,-689.0453617739886,FALSE
4.007309248436566,-689.5766938719963,FALSE
4.0133176621388715,-690.1070109701407,FALSE
4.019335084638098,-690.6363133915881,FALSE
4.025361529441712,-691.1646014647015,FALSE
4.03139701007742,-691.6918755229324,FALSE
4.037441540093224,-692.218135904721,FALSE
4.043495133057435,-692.743382953392,FALSE
4.049557802558709,-693.267617017056,FALSE
4.05562956220608,-693.7908384485111,FALSE
4.061710425628972,-694.3130476051457,FALSE
4.06780040647726,-694.8342448488457,FALSE
4.073899518421281,-695.3544305459003,FALSE
4.08000777515187,-695.8736050669118,FALSE
4.086125190380381,-696.3917687867048,FALSE
4.092251777838735,-696.9089220842392,FALSE
4.0983875512794405,-697.4250653425245,FALSE
4.104532524475626,-697.9401989485336,FALSE
4.1106867112210725,-698.4543232931221,FALSE
4.1168501253302345,-698.9674387709434,FALSE
4.123022780638288,-699.4795457803729,FALSE
4.129204691001151,-699.9906447234264,FALSE
4.135395870295519,-700.500736005686,FALSE
4.141596332418885,-701.0098200362222,FALSE
4.1478060912895875,-701.5178972275215,FALSE
4.154025160846831,-702.024967995415,FALSE
4.16025355505072,-702.5310327590055,FALSE
4.1664912878822955,-703.0360919405999,FALSE
4.172738373343548,-703.5401459656399,FALSE
4.178994825457474,-704.0431952626363,FALSE
4.185260658268091,-704.5452402631036,FALSE
4.191535885840479,-705.0462814014963,FALSE
4.197820522260795,-705.5463191151464,FALSE
4.2041145816363255,-706.0453538442023,FALSE
4.210418078095508,-706.5433860315688,FALSE
4.216731025787961,-707.0404161228499,FALSE
4.223053438884525,-707.5364445662904,FALSE
4.229385331577276,-708.0314718127202,FALSE
4.235726718079576,-708.5254983155,FALSE
4.242077612626101,-709.0185245304691,FALSE
4.248438029472868,-709.5105509158919,FALSE
4.254807982897262,-710.0015779324068,FALSE
4.261187487198083,-710.4916060429786,FALSE
4.267576556695568,-710.9806357128476,FALSE
4.273975205731425,-711.468667409485,FALSE
4.280383448668869,-711.955701602545,FALSE
4.286801299892639,-712.4417387638196,FALSE
4.293228773809055,-712.9267793671966,FALSE
4.299665884846032,-713.4108238886162,FALSE
4.30611264745312,-713.893872806029,FALSE
4.312569076101527,-714.3759265993558,FALSE
4.319035185284166,-714.8569857504492,FALSE
4.325510989515678,-715.3370507430535,FALSE
4.3319965033324666,-715.81612206277,FALSE
4.338491741292735,-716.2942001970188,FALSE
4.344996717976502,-716.771285635004,FALSE
4.35151144798566,-717.2473788676808,FALSE
4.358035945943989,-717.7224803877217,FALSE
4.364570226497202,-718.1965906894841,FALSE
4.3711143043129566,-718.6697102689791,FALSE
4.377668194080917,-719.1418396238428,FALSE
4.384231910512765,-719.6129792533054,FALSE
4.390805468342247,-720.0831296581641,FALSE
4.397388882325197,-720.5522913407558,FALSE
4.403982167239566,-721.0204648049292,FALSE
4.4105853378854745,-721.4876505560213,FALSE
4.417198409085228,-721.9538491008324,FALSE
4.423821395683361,-722.4190609476019,FALSE
4.430454312546652,-722.8832866059846,FALSE
4.437097174564184,-723.3465265870308,FALSE
4.443749996647361,-723.8087814031646,FALSE
4.4504127937299405,-724.2700515681627,FALSE
4.457085580768079,-724.7303375971355,FALSE
4.463768372740344,-725.1896400065084,FALSE
4.4704611846477755,-725.6479593140047,FALSE
4.477164031513897,-726.1052960386272,FALSE
4.483876928384767,-726.5616507006437,FALSE
4.490599890328987,-727.0170238215695,FALSE
4.497332932437766,-727.4714159241544,FALSE
4.504076069824938,-727.9248275323677,FALSE
4.510829317626994,-728.3772591713858,FALSE
4.517592691003128,-728.8287113675794,FALSE
4.524366205135248,-729.2791846485004,FALSE
4.5311498752280395,-729.7286795428729,FALSE
4.5379437165089795,-730.1771965805818,FALSE
4.544747744228382,-730.6247362926633,FALSE
4.551561973659415,-731.0712992112948,FALSE
4.558386420098157,-731.5168858697889,FALSE
4.565221098863617,-731.9614968025833,FALSE
4.572066025297775,-732.4051325452347,FALSE
4.578921214765616,-732.8477936344133,FALSE
4.585786682655151,-733.2894806078947,FALSE
4.592662444377475,-733.7301940045571,FALSE
4.599548515366788,-734.1699343643755,FALSE
4.606444911080433,-734.6087022284181,FALSE
4.613351646998918,-735.0464981388416,FALSE
4.620268738625974,-735.4833226388909,FALSE
4.627196201488573,-735.9191762728944,FALSE
4.63413405113697,-736.3540595862642,FALSE
4.641082303144737,-736.7879731254936,FALSE
4.648040973108784,-737.2209174381566,FALSE
4.655010076649421,-737.6528930729083,FALSE
4.661989629410372,-738.083900579486,FALSE
4.668979647058824,-738.513940508709,FALSE
4.675980145285438,-738.9430134124794,FALSE
4.682991139804417,-739.3711198437866,FALSE
4.69001264635352,-739.7982603567073,FALSE
4.697044680694103,-740.2244355064097,FALSE
4.704087258611156,-740.6496458491569,FALSE
4.7111403959133265,-741.0738919423092,FALSE
4.718204108432977,-741.497174344331,FALSE
4.725278412026204,-741.9194936147933,FALSE
4.732363322572877,-742.34085031438,FALSE
4.739458855976681,-742.7612450048938,FALSE
4.746565028165133,-743.1806782492603,FALSE
4.753681855089644,-743.5991506115373,FALSE
4.760809352725537,-744.0166626569194,FALSE
4.767947537072093,-744.4332149517469,FALSE
4.775096424152569,-744.8488080635112,FALSE
4.782256030014258,-745.2634425608654,FALSE
4.7894263707285125,-745.6771190136316,FALSE
4.796607462390779,-746.0898379928087,FALSE
4.803799321120642,-746.5016000705834,FALSE
4.811001963061843,-746.9124058203377,FALSE
4.8182154043823395,-747.3222558166606,FALSE
4.825439661274329,-747.7311506353567,FALSE
4.832674749954291,-748.1390908534581,FALSE
4.839920686663004,-748.5460770492338,FALSE
4.847177487665614,-748.9521098022018,FALSE
4.854445169251646,-749.3571896931398,FALSE
4.861723747735052,-749.7613173040982,FALSE
4.869013239454247,-750.1644932184106,FALSE
4.876313660772134,-750.5667180207066,FALSE
4.883625028076155,-750.9679922969253,FALSE
4.890947357778328,-751.368316634327,FALSE
4.898280666315276,-751.767691621507,FALSE
4.9056249701482555,-752.1661178484079,FALSE
4.912980285763219,-752.5635959063358,FALSE
4.920346629670831,-752.9601263879711,FALSE
4.927724018406513,-753.3557098873846,FALSE
4.935112468530482,-753.7503470000516,FALSE
4.942511996627773,-754.1440383228656,FALSE
4.9499226193083,-754.536784454154,FALSE
4.957344353206878,-754.9285859936932,FALSE
4.964777214983267,-755.3194435427239,FALSE
4.972221221322194,-755.7093577039645,FALSE
4.979676388933415,-756.0983290816306,FALSE
4.9871427345517345,-756.4863582814471,FALSE
4.99462027493705,-756.8734459106668,FALSE
5.002109026874394,-757.2595925780854,FALSE
5.00960900717395,-757.6447988940579,FALSE
5.017120232671119,-758.0290654705152,FALSE
5.0246427202265425,-758.4123929209816,FALSE
5.032176486726145,-758.7947818605909,FALSE
5.039721549081157,-759.1762329061032,FALSE
5.047277924228176,-759.5567466759227,FALSE
5.054845629129192,-759.9363237901149,FALSE
5.062424680771625,-760.3149648704239,FALSE
5.070015096168372,-760.69267054029,FALSE
5.077616892357822,-761.0694414248671,FALSE
5.085230086403929,-761.4452781510411,FALSE
5.0928546953962215,-761.8201813474475,FALSE
5.100490736449861,-762.1941516444898,FALSE
5.108138226705654,-762.5671896743568,FALSE
5.115797183330123,-762.9392960710418,FALSE
5.123467623515525,-763.3104714703607,FALSE
5.131149564479892,-763.6807165099697,FALSE
5.1388430234670786,-764.0500318293853,FALSE
5.14654801774678,-764.4184180700007,FALSE
5.154264564614599,-764.7858758751072,FALSE
5.161992681392066,-765.1524058899108,FALSE
5.169732385426687,-765.518008761552,FALSE
5.177483694091964,-765.8826851391235,FALSE
5.185246624787464,-766.2464356736915,FALSE
5.193021194938836,-766.6092610183123,FALSE
5.200807421997855,-766.9711618280522,FALSE
5.2086053234424705,-767.3321387600072,FALSE
5.216414916776822,-767.6921924733208,FALSE
5.224236219531308,-768.051323629204,FALSE
5.232069249262608,-768.4095328909551,FALSE
5.239914023553728,-768.7668209239772,FALSE
5.247770560014024,-769.1231883957986,FALSE
5.255638876279271,-769.4786359760919,FALSE
5.263518990011678,-769.8331643366934,FALSE
5.27141091889994,-770.1867741516215,FALSE
5.279314680659274,-770.5394660970973,FALSE
5.28723029303145,-770.8912408515619,FALSE
5.295157773784848,-771.2420990956981,FALSE
5.303097140714489,-771.5920415124482,FALSE
5.311048411642077,-771.9410687870334,FALSE
5.3190116044160245,-772.2891816069724,FALSE
5.326986736911517,-772.6363806621029,FALSE
5.334973827030542,-772.9826666445978,FALSE
5.342972892701922,-773.3280402489866,FALSE
5.350983951881371,-773.672502172174,FALSE
5.359007022551509,-774.0160531134577,FALSE
5.367042122721933,-774.3586937745495,FALSE
5.375089270429236,-774.7004248595933,FALSE
5.383148483737065,-775.0412470751841,FALSE
5.39121978073613,-775.3811611303862,FALSE
5.399303179544285,-775.7201677367548,FALSE
5.40739869830654,-776.0582676083512,FALSE
5.415506355195115,-776.3954614617643,FALSE
5.42362616840948,-776.7317500161287,FALSE
5.431758156176375,-777.0671339931416,FALSE
5.43990233674989,-777.4016141170848,FALSE
5.448058728411474,-777.7351911148402,FALSE
5.456227349469992,-778.0678657159099,FALSE
5.464408218261749,-778.3996386524339,FALSE
5.472601353150554,-778.7305106592084,FALSE
5.480806772527747,-779.0604824737047,FALSE
5.489024494812244,-779.3895548360869,FALSE
5.497254538450581,-779.71772848923,FALSE
5.5054969219169365,-780.0450041787374,FALSE
5.513751663713207,-780.3713826529599,FALSE
5.522018782369021,-780.6968646630123,FALSE
5.5302982964417975,-781.021450962793,FALSE
5.538590224516763,-781.3451423089982,FALSE
5.546894585207026,-781.6679394611431,FALSE
5.555211397153598,-781.9898431815769,FALSE
5.563540679025439,-782.3108542355016,FALSE
5.5718824495195065,-782.6309733909877,FALSE
5.580236727360777,-782.9502014189925,FALSE
5.588603531302316,-783.2685390933759,FALSE
5.596982880125303,-783.585987190919,FALSE
5.605374792639082,-783.902546491339,FALSE
5.613779287681184,-784.2182177773067,FALSE
5.622196384117398,-784.5330018344624,FALSE
5.6306261008417975,-784.8468994514336,FALSE
5.639068456776783,-785.15991141984955,FALSE
5.647523470873131,-785.4720385343585,FALSE
5.65599116211002,-785.7832815926427,FALSE
5.664471549495097,-786.093641395435,FALSE
5.672964652064505,-786.4031187465346,FALSE
5.681470488882933,-786.7117144528224,FALSE
5.6899890790436425,-787.0194293242752,FALSE
5.698520441668535,-787.3262641739833,FALSE
5.707064595908179,-787.632219818164,FALSE
5.715621560941855,-787.9372970761768,FALSE
5.7241913559776085,-788.2414967705389,FALSE
5.732774000252266,-788.5448197269385,FALSE
5.741369513031515,-788.8472667742511,FALSE
5.749977913609923,-789.1488387445528,FALSE
5.758599221310992,-789.4495364731345,FALSE
5.767233455487182,-789.749360798516,FALSE
5.775880635519985,-790.0483125624608,FALSE
5.784540780819946,-790.3463926099881,FALSE
5.793213910826718,-790.6436017893885,FALSE
5.801900045009099,-790.9399409522362,FALSE
5.810599202865071,-791.235410953401,FALSE
5.8193114039218585,-791.5300126510643,FALSE
5.8280366677359625,-791.8237469067303,FALSE
5.836775013893212,-792.1166145852386,FALSE
5.845526462008786,-792.4086165547767,FALSE
5.85429103172729,-792.6997536868939,FALSE
5.863068742722777,-792.9900268565115,FALSE
5.871859614698799,-793.2794369419366,FALSE
5.8806636673884585,-793.5679848248731,FALSE
5.889480920554426,-793.8556713904328,FALSE
5.898311393989022,-794.1424975271483,FALSE
5.907155107514235,-794.4284641269841,FALSE
5.916012080981776,-794.7135720853464,FALSE
5.924882334273126,-794.9978223010961,FALSE
5.9337658872995585,-795.2812156765574,FALSE
5.942662760002216,-795.5637531175307,FALSE
5.95157297235214,-795.8454355333015,FALSE
5.960496544350314,-796.1262638366512,FALSE
5.969433496027701,-796.4062389438665,FALSE
5.978383847445309,-796.6853617747504,FALSE
5.987347618694221,-796.9636332526309,FALSE
5.996324829895644,-797.2410543043717,FALSE
6.005315501200959,-797.5176258603797,FALSE
6.014319652791746,-797.7933488546153,FALSE
6.023337304879861,-798.0682242246013,FALSE
6.032368477707456,-798.3422529114316,FALSE
6.041413191547043,-798.6154358597797,FALSE
6.05047146670151,-798.8877740179056,FALSE
6.059543323504208,-799.1592683376672,FALSE
6.068628782318963,-799.4299197745243,FALSE
6.077727863540139,-799.6997292875498,FALSE
6.086840587592682,-799.968697839435,FALSE
6.095966974932145,-800.2368263964976,FALSE
6.105107046044768,-800.5041159286894,FALSE
6.114260821447505,-800.7705674096026,FALSE
6.123428321688076,-801.0361818164766,FALSE
6.132609567344989,-801.3009601302043,FALSE
6.14180457902763,-801.5649033353395,FALSE
6.151013377376276,-801.8280124201019,FALSE
6.160235983062152,-802.0902883763833,FALSE
6.169472416787483,-802.3517321997542,FALSE
6.178722699285517,-802.6123448894676,FALSE
6.187986851320606,-802.8721274484658,FALSE
6.197264893688231,-803.1310808833855,FALSE
6.206556847215053,-803.3892062045614,FALSE
6.215862732758949,-803.6465044260319,FALSE
6.225182571209085,-803.9029765655442,FALSE
6.234516383485938,-804.1586236445572,FALSE
6.243864190541359,-804.4134466882462,FALSE
6.2532260133586135,-804.6674467255067,FALSE
6.262601872952414,-804.9206247889589,FALSE
6.271991790368999,-805.1729819149493,FALSE
6.281395786686155,-805.4245191435562,FALSE
6.29081388301328,-805.6752375185911,FALSE
6.300246100491405,-805.9251380876019,FALSE
6.309692460293275,-806.1742219018756,FALSE
6.3191529836233755,-806.4224900164418,FALSE
6.328627691717986,-806.6699434900726,FALSE
6.338116605845232,-806.9165833852873,FALSE
6.347619747305111,-807.1624107683513,FALSE
6.357137137429573,-807.4074267092805,FALSE
6.366668797582548,-807.6516322818412,FALSE
6.3762147491600025,-807.8950285635507,FALSE
6.385775013589968,-808.1376166356796,FALSE
6.39534961233262,-808.3793975832524,FALSE
6.404938566880305,-808.6203724950465,FALSE
6.414541898757595,-808.8605424635947,FALSE
6.424159629521341,-809.099908585184,FALSE
6.433791780760699,-809.3384719598554,FALSE
6.44343837409721,-809.5762336914044,FALSE
6.453099431184829,-809.81319488738,FALSE
6.462774973709984,-810.0493566590841,FALSE
6.472465023391602,-810.2847201215709,FALSE
6.482169601981192,-810.5192863936444,FALSE
6.491888731262869,-810.7530565978597,FALSE
6.501622433053412,-810.9860318605182,FALSE
6.511370729202316,-811.2182133116693,FALSE
6.5211336415918195,-811.449602085105,FALSE
6.530911192136988,-811.6801993183605,FALSE
6.540703402785739,-811.9100061527101,FALSE
6.5505102955189045,-812.139023733166,FALSE
6.5603318923502565,-812.367253208474,FALSE
6.57016821532659,-812.5946957311116,FALSE
6.580019286527753,-812.8213524572849,FALSE
6.589885128066694,-813.0472245469241,FALSE
6.599765762089529,-813.272313163681,FALSE
6.609661210775556,-813.496619474925,FALSE
6.61957149633735,-813.7201446517381,FALSE
6.629496641020782,-813.9428898689122,FALSE
6.639436667105084,-814.164856304944,FALSE
6.649391596902876,-814.3860451420293,FALSE
6.6593614527602485,-814.6064575660605,FALSE
6.669346257056794,-814.8260947666192,FALSE
6.679346032205656,-815.0449579369728,FALSE
6.689360800653594,-815.263048274068,FALSE
6.699390584881002,-815.4803669785251,FALSE
6.709435407401999,-815.6969152546333,FALSE
6.719495290764457,-815.9126943103429,FALSE
6.729570257550059,-816.1277053572613,FALSE
6.7396603303743285,-816.3419496106442,FALSE
6.749765531886717,-816.5554282893909,FALSE
6.759885884770629,-816.7681426160364,FALSE
6.770021411743479,-816.9800938167444,FALSE
6.780172135556751,-817.1912831213011,FALSE
6.7903380789960215,-817.4017117631063,FALSE
6.800519264881051,-817.6113809791667,FALSE
6.810715716065807,-817.8202920100882,FALSE
6.820927455438532,-818.0284461000676,FALSE
6.831154505921766,-818.2358444968842,FALSE
6.841396890472438,-818.4424884518917,FALSE
6.851654632081889,-818.6483792200097,FALSE
6.8619277537759364,-818.8535180597149,FALSE
6.872216278614924,-819.057906233032,FALSE
6.882520229693756,-819.2615450055245,FALSE
6.89283963014198,-819.4644356462854,FALSE
6.90317450312382,-819.6665794279282,FALSE
6.913524871838234,-819.8679776265765,FALSE
6.92389075951895,-820.0686315218538,FALSE
6.934272189434546,-820.2685423968754,FALSE
6.944669184888483,-820.4677115382351,FALSE
6.9550817692191655,-820.6661402359973,FALSE
6.965509965799992,-820.8638297836856,FALSE
6.97595379803939,-821.0607814782705,FALSE
6.986413289380905,-821.2569966201613,FALSE
6.996888463303224,-821.4524765131922,FALSE
7.007379343320243,-821.6472224646127,FALSE
7.017885952981099,-821.8412357850748,FALSE
7.028408315870253,-822.0345177886225,FALSE
7.0389464556075225,-822.2270697926787,FALSE
7.049500395848139,-822.4188931180339,FALSE
7.06007016028281,-822.6099890888344,FALSE
7.070655772637742,-822.800359032568,FALSE
7.081257256674737,-822.9900042800537,FALSE
7.0918746361912195,-823.1789261654271,FALSE
7.102507935020297,-823.3671260261284,FALSE
7.113157177030796,-823.5546052028895,FALSE
7.123822386127349,-823.7413650397197,FALSE
7.134503586250425,-823.9274068838929,FALSE
7.145200801376386,-824.1127320859342,FALSE
7.155914055517551,-824.2973419996056,FALSE
7.166643372722223,-824.4812379818918,FALSE
7.177388777074784,-824.6644213929875,FALSE
7.188150292695715,-824.8468935962808,FALSE
7.198927943741674,-825.0286559583411,FALSE
7.209721754405517,-825.2097098489028,FALSE
7.220531748916393,-825.3900566408514,FALSE
7.231357951539775,-825.569697710208,FALSE
7.242200386577515,-825.7486344361141,FALSE
7.253059078367913,-825.9268682008183,FALSE
7.263934051285739,-826.104400389657,FALSE
7.274825329742329,-826.281232391043,FALSE
7.285732938185616,-826.4573655964464,FALSE
7.296656901100186,-826.6328014003808,FALSE
7.307597243007347,-826.807541200387,FALSE
7.318553988465149,-826.9815863970155,FALSE
7.329527162068488,-827.1549383938116,FALSE
7.340516788449127,-827.3275985972982,FALSE
7.351522892275768,-827.4995684169592,FALSE
7.3625454982540814,-827.6708492652227,FALSE
7.373584631126799,-827.8414425574443,FALSE
7.384640315673745,-828.0113497118901,FALSE
7.395712576711898,-828.1805721497182,FALSE
7.406801439095452,-828.3491112949633,FALSE
7.4179069277158485,-828.5169685745177,FALSE
7.429029067501868,-828.6841454181143,FALSE
7.440167883419662,-828.8506432583082,FALSE
7.451323400472822,-829.0164635304594,FALSE
7.462495643702411,-829.1816076727143,FALSE
7.473684638187055,-829.3460771259879,FALSE
7.484890409042977,-829.5098733339446,FALSE
7.496112981424058,-829.6729977429806,FALSE
7.5073523805218985,-829.8354518022047,FALSE
7.518608631565854,-829.9972369634199,FALSE
7.529881759823126,-830.1583546811041,FALSE
7.541171790598793,-830.3188064123914,FALSE
7.552478749235884,-830.4785936170528,FALSE
7.563802661115405,-830.6377177574767,FALSE
7.575143551656437,-830.7961802986501,FALSE
7.586501446316167,-830.9539827081384,FALSE
7.597876370589954,-831.1111264560659,FALSE
7.609268350011386,-831.2676130150965,FALSE
7.62067741015232,-831.4234438604127,FALSE
7.632103576622971,-831.5786204696966,FALSE
7.643546875071946,-831.7331443231097,FALSE
7.655007331186319,-831.8870169032716,FALSE
7.666484970691655,-832.0402396952409,FALSE
7.677979819352111,-832.1928141864936,FALSE
7.689491902970469,-832.3447418669035,FALSE
7.7010212473882,-832.4960242287202,FALSE
7.712567878485522,-832.6466627665496,FALSE
7.724131822181441,-832.7966589773317,FALSE
7.735713104433845,-832.9460143603208,FALSE
7.747311751239534,-833.0947304170628,FALSE
7.7589277886342956,-833.2428086513756,FALSE
7.770561242692931,-833.3902505693256,FALSE
7.78221213952936,-833.5370576792088,FALSE
7.7938805052966496,-833.683231491527,FALSE
7.805566366187079,-833.8287735189666,FALSE
7.817269748432206,-833.9736852763776,FALSE
7.828990678302898,-834.1179682807511,FALSE
7.840729182109435,-834.261624051197,FALSE
7.852485286201535,-834.4046541089222,FALSE
7.864259016968434,-834.5470599772086,FALSE
7.876050400838913,-834.6888431813902,FALSE
7.887859464281401,-834.8300052488314,FALSE
7.899686233804003,-834.9705477089038,FALSE
7.911530735954573,-835.1104720929645,FALSE
7.923392997320774,-835.2497799343323,FALSE
7.935273044530116,-835.3884727682654,FALSE
7.947170904250051,-835.5265521319388,FALSE
7.959086603188008,-835.6640195644218,FALSE
7.971020168091471,-835.8008766066536,FALSE
7.982971625748002,-835.9371248014205,FALSE
7.994941002985353,-836.0727656933341,FALSE
8.006928326671492,-836.2078008288069,FALSE
8.01893362371467,-836.342231756028,FALSE
8.030956921063492,-836.4760600249422,FALSE
8.042998245706947,-836.6092871872235,FALSE
8.055057624674513,-836.741914796254,FALSE
8.067135085036186,-836.8739444070991,FALSE
8.079230653902558,-837.0053775764833,FALSE
8.091344358424848,-837.136215862767,FALSE
8.103476225795005,-837.2664608259232,FALSE
8.115626283245742,-837.3961140275118,FALSE
8.127794558050606,-837.5251770306578,FALSE
8.139981077524041,-837.6536514000247,FALSE
8.152185869021425,-837.7815387017927,FALSE
8.164408959939173,-837.9088405036324,FALSE
8.176650377714772,-838.0355583746823,FALSE
8.18891014982685,-838.161693885523,FALSE
8.201188303795218,-838.2872486081541,FALSE
8.213484867180972,-838.412224115968,FALSE
8.22579986758652,-838.536621983727,FALSE
8.238133332655659,-838.6604437875376,FALSE
8.250485290073643,-838.7836911048269,FALSE
8.262855767567212,-838.9063655143161,FALSE
8.275244792904699,-839.028468595998,FALSE
8.287652393896067,-839.1500019311102,FALSE
8.300078598392986,-839.2709671021117,FALSE
8.312523434288858,-839.3913656926568,FALSE
8.324986929518932,-839.5111992875705,FALSE
8.337469112060335,-839.6304694728242,FALSE
8.349970009932143,-839.7491778355094,FALSE
8.362489651195448,-839.8673259638136,FALSE
8.375028063953394,-839.9849154469945,FALSE
8.387585276351286,-840.1019478753549,FALSE
8.40016131657662,-840.218424840218,FALSE
8.412756212859161,-840.3343479339014,FALSE
8.425369993470984,-840.4497187496917,FALSE
8.438002686726568,-840.5645388818203,FALSE
8.450654320982848,-840.6788099254364,FALSE
8.463324924639267,-840.7925334765827,FALSE
8.476014526137863,-840.9057111321695,FALSE
8.488723153963296,-841.0183444899492,FALSE
8.501450836642952,-841.1304351484907,FALSE
8.51419760274699,-841.2419847071543,FALSE
8.526963480888407,-841.3529947660654,FALSE
8.539748499723082,-841.4634669260894,FALSE
8.552552687949884,-841.5734027888055,FALSE
8.565376074310699,-841.6828039564821,FALSE
8.578218687590514,-841.7916720320496,FALSE
8.591080556617475,-841.9000086190763,FALSE
8.603961710262938,-842.0078153217406,FALSE
8.616862177441565,-842.1150937448081,FALSE
8.629781987111363,-842.2218454936024,FALSE
8.642721168273768,-842.3280721739823,FALSE
8.655679749973677,-842.4337753923141,FALSE
8.668657761299556,-842.5389567554471,FALSE
8.681655231383482,-842.6436178706863,FALSE
8.694672189401208,-842.7477603457675,FALSE
8.70770866457224,-842.8513857888312,FALSE
8.720764686159871,-842.9544958083972,FALSE
8.733840283471297,-843.0570920133375,FALSE
8.746935485857644,-843.1591760128516,FALSE
8.76005032271406,-843.2607494164399,FALSE
8.773184823479733,-843.3618138338787,FALSE
8.786339017638026,-843.4623708751923,FALSE
8.799512934716494,-843.5624221506292,FALSE
8.812706604286968,-843.6619692706357,FALSE
8.825920055965618,-843.7610138458285,FALSE
8.839153319413008,-843.859557486971,FALSE
8.852406424334188,-843.9576018049457,FALSE
8.865679400478742,-844.0551484107291,FALSE
8.87897227764087,-844.1521989153654,FALSE
8.892285085659413,-844.2487549299403,FALSE
8.905617854417983,-844.3448180655563,FALSE
8.918970613844989,-844.4403899333059,FALSE
8.932343393913708,-844.5354721442457,FALSE
8.945736224642374,-844.63006630937,FALSE
8.959149136094199,-844.724174039587,FALSE
8.972582158377495,-844.8177969456899,FALSE
8.986035321645714,-844.9109366383344,FALSE
8.999508656097516,-845.0035947280098,FALSE
9.013002191976845,-845.0957728250156,FALSE
9.026515959572974,-845.1874725394339,FALSE
9.04004998922061,-845.2786954811044,FALSE
9.053604311299933,-845.3694432595996,FALSE
9.067178956236688,-845.4597174841973,FALSE
9.080773954502213,-845.5495197638558,FALSE
9.094389336613553,-845.638851707188,FALSE
9.108025133133507,-845.7277149224366,FALSE
9.121681374670699,-845.8161110174468,FALSE
9.135358091879647,-845.9040415996421,FALSE
9.149055315460817,-845.9915082759981,FALSE
9.162773076160722,-846.078512653017,FALSE
9.176511404771972,-846.1650563367023,FALSE
9.190270332133354,-846.2511409325328,FALSE
9.204049889129866,-846.3367680454379,FALSE
9.217850106692843,-846.4219392797714,FALSE
9.2316710157999875,-846.5066562392867,FALSE
9.245512647475445,-846.5909205271107,FALSE
9.25937503278989,-846.67473374571955,FALSE
9.273258202860557,-846.7580974969125,FALSE
9.287162188851363,-846.8410133817865,FALSE
9.301087021972942,-846.923483000712,FALSE
9.315032733482727,-847.0055079533072,FALSE
9.328999354685003,-847.0870898384118,FALSE
9.342986916931006,-847.1682302540647,FALSE
9.356995451618978,-847.2489307974761,FALSE
9.371024990194234,-847.3291930650038,FALSE
9.385075564149247,-847.4090186521285,FALSE
9.399147205023684,-847.4884091534283,FALSE
9.413239944404527,-847.567366162554,FALSE
9.427353813926107,-847.6458912722044,FALSE
9.441488845270197,-847.7239860741017,FALSE
9.455645070166048,-847.8016521589661,FALSE
9.469822520390508,-847.8788911164922,FALSE
9.484021227768062,-847.9557045353235,FALSE
9.498241224170915,-848.0320940030285,FALSE
9.512482541519061,-848.1080611060755,FALSE
9.526745211780337,-848.1836074298087,FALSE
9.54102926697053,-848.2587345584241,FALSE
9.555334739153425,-848.3334440749442,FALSE
9.569661660440891,-848.4077375611948,FALSE
9.584010062992917,-848.4816165977797,FALSE
9.59837997901774,-848.5550827640583,FALSE
9.612771440771875,-848.6281376381193,FALSE
9.627184480560206,-848.7007827967583,FALSE
9.641619130736064,-848.7730198154536,FALSE
9.656075423701258,-848.8448502683418,FALSE
9.670553391906209,-848.9162757281939,FALSE
9.68505306784998,-848.9872977663929,FALSE
9.699574484080376,-849.0579179529083,FALSE
9.714117673193975,-849.1281378562737,FALSE
9.728682667836253,-849.1979590435627,FALSE
9.74326950070163,-849.267383080366,FALSE
9.757878204533537,-849.33641153076735,FALSE
9.772508812124517,-849.4050459573209,FALSE
9.787161356316256,-849.4732879210267,FALSE
9.801835869999698,-849.5411389813095,FALSE
9.816532386115103,-849.6086006959939,FALSE
9.831250937652126,-849.6756746212822,FALSE
9.845991557649857,-849.742362311731,FALSE
9.860754279196954,-849.8086653202287,FALSE
9.875539135431673,-849.874585197973,FALSE
9.890346159541963,-849.940123494447,FALSE
9.905175384765537,-850.0052817573982,FALSE
9.92002684438992,-850.0700615328143,FALSE
9.93490057175257,-850.1344643649021,FALSE
9.949796600240926,-850.1984917960643,FALSE
9.964714963292494,-850.2621453668778,FALSE
9.979655694394886,-850.3254266160711,FALSE
9.994618827085953,-850.3883370805021,FALSE
10.009604394953824,-850.4508782951357,FALSE
10.024612431636983,-850.5130517930237,FALSE
10.039642970824367,-850.5748591052807,FALSE
10.054696046255392,-850.636301761063,FALSE
10.069771691720092,-850.6973812875482,FALSE
10.084869941059154,-850.7580992099118,FALSE
10.099990828164014,-850.8184570513066,FALSE
10.115134386976896,-850.8784563328413,FALSE
10.130300651490943,-850.9380985735594,FALSE
10.145489655750259,-850.9973852904171,FALSE
10.160701433849988,-851.056317998263,FALSE
10.17593601993641,-851.114898209817,FALSE
10.19119344820697,-851.1731274356492,FALSE
10.20647375291042,-851.2310071841589,FALSE
10.221776968346846,-851.2885389615539,FALSE
10.237103128867782,-851.3457242718302,FALSE
10.252452268876231,-851.4025646167518,FALSE
10.267824422826813,-851.4590614958287,FALSE
10.283219625225792,-851.5152164062984,FALSE
10.298637910631177,-851.5710308431046,FALSE
10.314079313652792,-851.6265062988775,FALSE
10.329543868952337,-851.6816442639138,FALSE
10.3450316112435,-851.7364462261557,FALSE
10.360542575292017,-851.7909136711734,FALSE
10.376076795915752,-851.845048082143,FALSE
10.391634307984749,-851.8988509398281,FALSE
10.407215146421366,-851.9523237225601,FALSE
10.422819346200308,-852.0054679062191,FALSE
10.43844694234872,-852.0582849642138,FALSE
10.45409796994628,-852.1107763674631,FALSE
10.469772464125231,-852.1629435843769,FALSE
10.485470460070522,-852.2147880808366,FALSE
10.501191993019841,-852.2663113201774,FALSE
10.51693709826373,-852.3175147631678,FALSE
10.53270581114561,-852.3683998679929,FALSE
10.548498167061924,-852.4189680902346,FALSE
10.564314201462176,-852.4692208828536,FALSE
10.580153949849025,-852.5191596961713,FALSE
10.59601744777837,-852.5687859778512,FALSE
10.611904730859392,-852.6181011728812,FALSE
10.627815834754688,-852.6671067235554,FALSE
10.643750795180326,-852.7158040694568,FALSE
10.659709647905926,-852.764194647439,FALSE
10.675692428754713,-852.8122798916085,FALSE
10.691699173603656,-852.8600612333079,FALSE
10.707729918383505,-852.907540101098,FALSE
10.723784699078882,-852.9547179207408,FALSE
10.739863551728375,-853.0015961151826,FALSE
10.755966512424576,-853.0481761045359,FALSE
10.772093617314226,-853.0944593060646,FALSE
10.788244902598246,-853.1404471341643,FALSE
10.804420404531852,-853.1861410003493,FALSE
10.820620159424587,-853.2315423132321,FALSE
10.836844203640466,-853.2766524785109,FALSE
10.853092573598015,-853.3214728989498,FALSE
10.86936530577037,-853.3660049743652,FALSE
10.885662436685353,-853.4102501016089,FALSE
10.901984002925538,-853.4542096745517,FALSE
10.918330041128367,-853.4978850840683,FALSE
10.934700587986214,-853.5412777180215,FALSE
10.951095680246473,-853.5843889612464,FALSE
10.96751535471161,-853.6272201955352,FALSE
10.983959648239296,-853.669772799622,FALSE
11.000428597742458,-853.7120481491676,FALSE
11.016922240189368,-853.754047616744,FALSE
11.03344061260374,-853.7957725718203,FALSE
11.049983752064767,-853.8372243807474,FALSE
11.066551695707266,-853.8784044067437,FALSE
11.083144480721726,-853.91931400988,FALSE
11.099762144354397,-853.9599545470655,FALSE
11.116404723907381,-854.0003273720341,FALSE
11.133072256738684,-854.040433835329,FALSE
11.149764780262355,-854.0802752842897,FALSE
11.166482331948528,-854.1198530630373,FALSE
11.18322494932353,-854.1591685124625,FALSE
11.199992669969921,-854.1982229702094,FALSE
11.216785531526645,-854.2370177706642,FALSE
11.233603571689066,-854.2755542449407,FALSE
11.250446828209073,-854.3138337208673,FALSE
11.267315338895163,-854.3518575229743,FALSE
11.284209141612493,-854.3896269724806,FALSE
11.301128274283025,-854.4271433872807,FALSE
11.31807277488557,-854.4644080819327,FALSE
11.335042681455894,-854.50142236764475,FALSE
11.352038032086757,-854.5381875522633,FALSE
11.369058864928071,-854.5747049402609,FALSE
11.386105218186934,-854.6109758327236,FALSE
11.40317713012773,-854.6470015273395,FALSE
11.42027463907223,-854.6827833183858,FALSE
11.437397783399629,-854.7183224967179,FALSE
11.454546601546697,-854.7536203497584,FALSE
11.471721132007826,-854.7886781614836,FALSE
11.488921413335133,-854.8234972124146,FALSE
11.506147484138511,-854.8580787796035,FALSE
11.523399383085772,-854.892424136625,FALSE
11.540677148902695,-854.926534553563,FALSE
11.557980820373123,-854.9604112970012,FALSE
11.575310436339063,-854.9940556300127,FALSE
11.592666035700724,-855.0274688121477,FALSE
11.610047657416676,-855.0606520994257,FALSE
11.62745534050389,-855.0936067443223,FALSE
11.64488912403785,-855.1263339957615,FALSE
11.662349047152594,-855.1588350991044,FALSE
11.679835149040867,-855.1911112961396,FALSE
11.697347468954174,-855.2231638250737,FALSE
11.714886046202865,-855.2549939205215,FALSE
11.732450920156245,-855.2866028134966,FALSE
11.750042130242614,-855.3179917314017,FALSE
11.767659715949423,-855.3491618980206,FALSE
11.785303716823318,-855.380114533507,FALSE
11.80297417247025,-855.4108508543786,FALSE
11.820671122555524,-855.4413720735052,FALSE
11.838394606803945,-855.4716794001021,FALSE
11.85614466499987,-855.501774039721,FALSE
11.873921336987316,-855.5316571942417,FALSE
11.891724662670038,-855.5613300618635,FALSE
11.909554682011597,-855.5907938370975,FALSE
11.927411435035507,-855.620049710759,FALSE
11.945294961825278,-855.6490988699586,FALSE
11.963205302524528,-855.6779424980953,FALSE
11.981142497337041,-855.706581774849,FALSE
11.999106586526905,-855.735017876173,FALSE
12.01709761041857,-855.7632519742865,FALSE
12.035115609396952,-855.7912852376671,FALSE
12.053160623907521,-855.8191188310452,FALSE
12.071232694456366,-855.8467539153953,FALSE
12.089331861610335,-855.8741916479308,FALSE
12.10745816599709,-855.901433182097,FALSE
12.125611648305224,-855.9284796675636,FALSE
12.143792349284302,-855.9553322502197,FALSE
12.16200030974502,-855.9819920721673,FALSE
12.18023557055925,-856.0084602717152,FALSE
12.198498172660152,-856.0347379833722,FALSE
12.216788157042267,-856.0608263378433,FALSE
12.23510556476157,-856.0867264620215,FALSE
12.253450436935623,-856.1124394789848,FALSE
12.271822814743635,-856.1379665079894,FALSE
12.290222739426559,-856.1633086644645,FALSE
12.308650252287158,-856.1884670600075,FALSE
12.327105394690152,-856.2134428023791,FALSE
12.345588208062273,-856.2382369954984,FALSE
12.364098733892364,-856.262850739438,FALSE
12.382637013731488,-856.2872851304201,FALSE
12.401203089192974,-856.3115412608108,FALSE
12.41979700195258,-856.3356202191171,FALSE
12.438418793748534,-856.3595230899822,FALSE
12.457068506381663,-856.3832509541812,FALSE
12.475746181715433,-856.4068048886178,FALSE
12.494451861676108,-856.4301859663199,FALSE
12.51318558825281,-856.4533952564368,FALSE
12.531947403497611,-856.476433824235,FALSE
12.550737349525654,-856.4993027310948,FALSE
12.569555468515187,-856.5220030345073,FALSE
12.588401802707734,-856.5445357880719,FALSE
12.607276394408146,-856.5669020414923,FALSE
12.62617928598471,-856.5891028405739,FALSE
12.645110519869213,-856.611139227222,FALSE
12.66407013855709,-856.6330122394377,FALSE
12.68305818460748,-856.6547229113168,FALSE
12.702074700643339,-856.6762722730468,FALSE
12.721119729351537,-856.697661350905,FALSE
12.740193313482918,-856.7188911672564,FALSE
12.759295495852452,-856.7399627405514,FALSE
12.7784263193393,-856.7608770853245,FALSE
12.79758582688692,-856.7816352121923,FALSE
12.816774061503128,-856.8022381278521,FALSE
12.835991066260258,-856.8226868350807,FALSE
12.855236884295211,-856.8429823327328,FALSE
12.87451155880957,-856.8631256157397,FALSE
12.893815133069698,-856.8831176751088,FALSE
12.9131476504068,-856.902959497922,FALSE
12.932509154217088,-856.9226520673358,FALSE
12.951899687961822,-856.9421963625799,FALSE
12.971319295167444,-856.9615933589571,FALSE
12.990768019425616,-856.9808440278425,FALSE
13.010245904393402,-856.9999493366834,FALSE
13.02975299379331,-857.0189102489995,FALSE
13.049289331413402,-857.0377277243823,FALSE
13.068854961107405,-857.0564027184956,FALSE
13.088449926794768,-857.0749361830757,FALSE
13.108074272460824,-857.0933290659314,FALSE
13.127728042156841,-857.1115823109442,FALSE
13.147411280000156,-857.1296968580707,FALSE
13.16712403017421,-857.1476736433406,FALSE
13.18686633692873,-857.1655135988597,FALSE
13.206638244579779,-857.1832176528094,FALSE
13.226439797509862,-857.2007867294489,FALSE
13.246271040168045,-857.2182217491157,FALSE
13.266132017070005,-857.2355236282269,FALSE
13.286022772798193,-857.2526932792812,FALSE
13.3059433520019,-857.2697316108597,FALSE
13.325893799397372,-857.2866395276277,FALSE
13.345874159767867,-857.3034179303373,FALSE
13.365884477963819,-857.3200677158281,FALSE
13.385924798902906,-857.3365897770302,FALSE
13.405995167570145,-857.3529850029654,FALSE
13.426095629018024,-857.3692542787498,FALSE
13.446226228366536,-857.3853984855971,FALSE
13.466387010803365,-857.4014185008198,FALSE
13.486578021583936,-857.4173151978317,FALSE
13.50679930603154,-857.433089446152,FALSE
13.527050909537389,-857.4487421114064,FALSE
13.547332877560786,-857.4642740553314,FALSE
13.567645255629186,-857.4796861357765,FALSE
13.587988089338301,-857.4949792067079,FALSE
13.608361424352227,-857.5101541182106,FALSE
13.628765306403483,-857.5252117164938,FALSE
13.6491997812932,-857.540152843892,FALSE
13.669664894891167,-857.5549783388707,FALSE
13.690160693135946,-857.5696890360286,FALSE
13.710687222034995,-857.5842857661021,FALSE
13.731244527664712,-857.5987693559688,FALSE
13.751832656170622,-857.613140628652,FALSE
13.772451653767424,-857.6274004033245,FALSE
13.793101566739121,-857.6415494953127,FALSE
13.813782441439077,-857.6555887161014,FALSE
13.834494324290196,-857.6695188733374,FALSE
13.855237261784966,-857.683340770835,FALSE
13.876011300485596,-857.69705520858,FALSE
13.896816487024111,-857.7106629827343,FALSE
13.917652868102422,-857.7241648856419,FALSE
13.9385204904925,-857.7375617058318,FALSE
13.959419401036433,-857.7508542280251,FALSE
13.98034964664655,-857.7640432331392,FALSE
14.001311274305486,-857.7771294982923,FALSE
14.022304331066357,-857.7901137968104,FALSE
14.043328864052812,-857.8029968982316,FALSE
14.064384920459162,-857.8157795683118,FALSE
14.085472547550484,-857.8284625690303,FALSE
14.106591792662694,-857.8410466585957,FALSE
14.127742703202713,-857.8535325914519,FALSE
14.148925326648532,-857.8659211182835,FALSE
14.17013971054934,-857.878212986022,FALSE
14.191385902525582,-857.8904089378526,FALSE
14.212663950269143,-857.9025097132188,FALSE
14.2339739015434,-857.9145160478306,FALSE
14.255315804183349,-857.9264286736693,FALSE
14.276689706095716,-857.9382483189946,FALSE
14.298095655259022,-857.9499757083516,FALSE
14.31953369972376,-857.961611562577,FALSE
14.341003887612459,-857.9731565988052,FALSE
14.36250626711981,-857.9846115304763,FALSE
14.384040886512732,-857.9959770673426,FALSE
14.40560779413055,-858.0072539154748,FALSE
14.427207038385049,-858.0184427772708,FALSE
14.44883866776061,-858.0295443514608,FALSE
14.470502730814317,-858.0405593331162,FALSE
14.492199276176022,-858.0514884136563,FALSE
14.513928352548527,-858.0623322808556,FALSE
14.535690008707647,-858.0730916188515,FALSE
14.557484293502343,-858.0837671081517,FALSE
14.579311255854776,-858.0943594256424,FALSE
14.6011709447605,-858.1048692445953,FALSE
14.623063409288523,-858.1152972346761,FALSE
14.644988698581416,-858.125644061952,FALSE
14.666946861855452,-858.1359103888994,FALSE
14.688937948400657,-858.1460968744132,FALSE
14.710962007580997,-858.156204173813,FALSE
14.733019088834444,-858.1662329388535,FALSE
14.755109241673104,-858.1761838177312,FALSE
14.777232515683284,-858.1860574550931,FALSE
14.799388960525675,-858.1958544920458,FALSE
14.82157862593542,-858.2055755661631,FALSE
14.843801561722225,-858.2152213114955,FALSE
14.866057817770496,-858.2247923585778,FALSE
14.888347444039399,-858.2342893344389,FALSE
14.910670490563039,-858.24371286261,FALSE
14.933027007450528,-858.2530635631334,FALSE
14.95541704488613,-858.2623420525721,FALSE
14.977840653129304,-858.2715489440178,FALSE
15.000297882514914,-858.280684847101,FALSE
15.022788783453278,-858.2897503679994,FALSE
15.045313406430296,-858.2987461094476,FALSE
15.067871802007579,-858.3076726707459,FALSE
15.090464020822509,-858.31653064777,FALSE
15.11309011358843,-858.3253206329808,FALSE
15.135750131094715,-858.3340432154326,FALSE
15.158444124206898,-858.3426989807839,FALSE
15.181172143866737,-858.3512885113064,FALSE
15.203934241092416,-858.3598123858948,FALSE
15.226730466978596,-858.3682711800766,FALSE
15.24956087269655,-858.3766654660213,FALSE
15.272425509494287,-858.3849958125516,FALSE
15.295324428696615,-858.3932627851511,FALSE
15.31825768170534,-858.401466945977,FALSE
15.34122531999932,-858.4096088538671,FALSE
15.364227395134614,-858.417689064353,FALSE
15.387263958744546,-858.4257081296673,FALSE
15.410335062539888,-858.4336665987561,FALSE
15.433440758308942,-858.4415650172871,FALSE
15.456581097917654,-858.4494039276623,FALSE
15.479756133309749,-858.4571838690262,FALSE
15.502965916506795,-858.4649053772772,FALSE
15.526210499608402,-858.4725689850777,FALSE
15.54948993479228,-858.4801752218654,FALSE
15.572804274314388,-858.4877246138622,FALSE
15.59615357050899,-858.4952176840866,FALSE
15.619537875788868,-858.502654952363,FALSE
15.642957242645366,-858.5100369353329,FALSE
15.66641172364854,-858.5173641464659,FALSE
15.689901371447275,-858.5246370960698,FALSE
15.713426238769362,-858.531856291302,FALSE
15.73698637842168,-858.53902223618,FALSE
15.760581843290282,-858.5461354315926,FALSE
15.784212686340528,-858.5531963753101,FALSE
15.807878960617144,-858.560205561997,FALSE
15.831580719244437,-858.5671634832206,FALSE
15.855318015426354,-858.5740706274645,FALSE
15.879090902446608,-858.5809274801378,FALSE
15.902899433668825,-858.5877345235871,FALSE
15.926743662536595,-858.5944922371078,FALSE
15.950623642573682,-858.6012010969555,FALSE
15.974539427384089,-858.6078615763561,FALSE
15.998491070652205,-858.6144741455179,FALSE
16.02247862614287,-858.6210392716442,FALSE
16.046502147701577,-858.6275574189419,FALSE
16.07056168925454,-858.6340290486352,FALSE
16.094657304808827,-858.6404546189759,FALSE
16.118789048452502,-858.646834585255,FALSE
16.14295697435467,-858.653169399815,FALSE
16.16716113676572,-858.6594595120606,FALSE
16.191401590017346,-858.66570536847,FALSE
16.21567838852273,-858.6719074126075,FALSE
16.239991586776593,-858.6780660851346,FALSE
16.264341239355414,-858.6841818238214,FALSE
16.288727400917477,-858.6902550635585,FALSE
16.313150126203023,-858.6962862363687,FALSE
16.337609470034387,-858.7022757714192,FALSE
16.362105487316054,-858.7082240950325,FALSE
16.386638233034873,-858.7141316306985,FALSE
16.411207762260126,-858.7199987990867,FALSE
16.435814130143683,-858.7258260180577,FALSE
16.46045739192006,-858.7316137026745,FALSE
16.485137602906626,-858.7373622652158,FALSE
16.509854818503687,-858.7430721151864,FALSE
16.534609094194607,-858.7487436593301,FALSE
16.55940048554596,-858.7543773016413,FALSE
16.58422904820759,-858.7599734433763,FALSE
16.609094837912817,-858.7655324830667,FALSE
16.633997910478517,-858.7710548165305,FALSE
16.65893832180527,-858.7765408368839,FALSE
16.683916127877424,-858.7819909345533,FALSE
16.708931384763318,-858.7874054972887,FALSE
16.73398414861534,-858.7927849101737,FALSE
16.75907447567007,-858.7981295556394,FALSE
16.784202422248416,-858.8034398134753,FALSE
16.809368044755704,-858.8087160608416,FALSE
16.83457139968186,-858.813958672282,FALSE
16.859812543601503,-858.8191680197347,FALSE
16.88509153317407,-858.8243444725457,FALSE
16.910408425143977,-858.8294883974804,FALSE
16.935763276340666,-858.8346001587349,FALSE
16.96115614367884,-858.8396801179503,FALSE
16.986587084158508,-858.8447286342227,FALSE
17.01205615486518,-858.8497460641166,FALSE
17.0375634129699,-858.8547327616767,FALSE
17.06310891572947,-858.8596890784399,FALSE
17.08869272048654,-858.8646153634483,FALSE
17.114314884669735,-858.8695119632603,FALSE
17.139975465793793,-858.8743792219637,FALSE
17.165674521459646,-858.8792174811881,FALSE
17.19141210935464,-858.8840270801153,FALSE
17.2171882872526,-858.8888083554941,FALSE
17.243003113013984,-858.8935616416505,FALSE
17.268856644585963,-858.8982872705012,FALSE
17.294748940002634,-858.9029855715651,FALSE
17.3206800573851,-858.9076568719757,FALSE
17.346650054941605,-858.9123014964937,FALSE
17.37265899096768,-858.9169197675184,FALSE
17.398706923846216,-858.9215120051008,FALSE
17.424793912047697,-858.9260785269556,FALSE
17.450920014130247,-858.9306196484731,FALSE
17.477085288739815,-858.9351356827319,FALSE
17.503289794610232,-858.9396269405103,FALSE
17.52953359056344,-858.9440937302995,FALSE
17.55581673550956,-858.9485363583156,FALSE
17.582139288447035,-858.9529551285109,FALSE
17.60850130846279,-858.9573503425873,FALSE
17.634902854732303,-858.9617223000083,FALSE
17.66134398651981,-858.9660712980098,FALSE
17.6878247631784,-858.9703976316143,FALSE
17.714345244150163,-858.9747015936421,FALSE
17.74090548896627,-858.9789834747224,FALSE
17.7675055572472,-858.9832435633084,FALSE
17.79414550870281,-858.987482145686,FALSE
17.820825403132478,-858.9916995059884,FALSE
17.84754530042526,-858.9958959262068,FALSE
17.874305260559968,-859.0000716862033,FALSE
17.90110534360538,-859.0042270637233,FALSE
17.927945609720332,-859.0083623344062,FALSE
17.954826119153868,-859.0124777717987,FALSE
17.98174693224533,-859.016573647367,FALSE
18.008708109424568,-859.0206502305078,FALSE
18.035709711212032,-859.0247077885608,FALSE
18.0627517982189,-859.0287465868215,FALSE
18.089834431147263,-859.0327668885519,FALSE
18.11695767079016,-859.0367689549935,FALSE
18.144121578031847,-859.0407530453789,FALSE
18.17132621384783,-859.0447194169433,FALSE
18.19857163930508,-859.0486683249377,FALSE
18.225857915562063,-859.0526000226395,FALSE
18.253185103868997,-859.0565147613651,FALSE
18.28055326556792,-859.0604127904815,FALSE
18.307962462092853,-859.0642943574188,FALSE
18.33541275496993,-859.068159707681,FALSE
18.3629042058175,-859.0720090848589,FALSE
18.390436876346335,-859.07584273064106,FALSE
18.418010828359733,-859.0796608848257,FALSE
18.445626123753662,-859.0834637853335,FALSE
18.473282824516854,-859.0872516682182,FALSE
18.500980992731023,-859.0910247676784,FALSE
18.528720690570964,-859.09478331607,FALSE
18.556501980304684,-859.0985275439168,FALSE
18.58432492429357,-859.1022576799237,FALSE
18.612189584992464,-859.1059739509868,FALSE
18.640096024949905,-859.109676582206,FALSE
18.668044306808188,-859.1133657968958,FALSE
18.696034493303554,-859.1170418165975,FALSE
18.72406664726626,-859.120704861091,FALSE
18.752140831620817,-859.124355148405,FALSE
18.780257109386064,-859.1279928948301,FALSE
18.808415543675327,-859.1316183149288,FALSE
18.836616197696586,-859.1352316215482,FALSE
18.864859134752535,-859.1388330258306,FALSE
18.893144418240837,-859.142422737225,FALSE
18.92147211165419,-859.1460009634989,FALSE
18.94984227858051,-859.1495679107484,FALSE
18.978254982703003,-859.1531237834114,FALSE
19.00671028780041,-859.1566687842773,FALSE
19.035208257747087,-859.1602031144988,FALSE
19.06374895651315,-859.1637269736034,FALSE
19.09233244816466,-859.1672405595035,FALSE
19.120958796863675,-859.1707440685091,FALSE
19.149628066868512,-859.1742376953374,FALSE
19.178340322533813,-859.1777216331252,FALSE
19.207095628310732,-859.1811960734389,FALSE
19.235894048747006,-859.1846612062863,FALSE
19.264735648487203,-859.1881172201265,FALSE
19.2936204922728,-859.1915643018825,FALSE
19.322548644942348,-859.1950026369506,FALSE
19.351520171431627,-859.1984324092123,FALSE
19.38053513677373,-859.2018538010445,FALSE
19.409593606099314,-859.2052669933306,FALSE
19.438695644636663,-859.2086721654713,FALSE
19.467841317711887,-859.2120694953953,FALSE
19.497030690748993,-859.2154591595701,FALSE
19.52626382927013,-859.2188413330126,FALSE
19.55554079889567,-859.2222161893,FALSE
19.58486166534438,-859.2255839005793,FALSE
19.614226494433577,-859.2289446375802,FALSE
19.643635352079205,-859.2322985696231,FALSE
19.673088304296105,-859.235645864631,FALSE
19.702585417198065,-859.2389866891402,FALSE
19.73212675699803,-859.2423212083094,FALSE
19.761712390008174,-859.2456495859315,FALSE
19.79134238264013,-859.2489719844432,FALSE
19.82101680140511,-859.2522885649358,FALSE
19.85073571291404,-859.2555994871649,FALSE
19.88049918387774,-859.2589049095607,FALSE
19.910307281106995,-859.2622049892393,FALSE
19.940160071512825,-859.2654998820113,FALSE
19.970057622106555,-859.268789742393,FALSE
19.999999999999996,-859.2720747236161,FALSE
